artist,title,year,decade,style,language,spotify_uri,year_needs_review
Elvis Presley,Heartbreak Hotel,1956,1950s,Rock & Roll,international,,no
Elvis Presley,Hound Dog,1956,1950s,Rock & Roll,international,,no
Elvis Presley,Love Me Tender,1956,1950s,Pop,international,,no
Elvis Presley,Jailhouse Rock,1957,1950s,Rock & Roll,international,,no
Elvis Presley,All Shook Up,1957,1950s,Rock & Roll,international,,no
Elvis Presley,Can't Help Falling in Love,1961,1960s,Pop,international,,no
Elvis Presley,Suspicious Minds,1969,1960s,Pop,international,,no
Chuck Berry,Johnny B. Goode,1958,1950s,Rock & Roll,international,,no
Chuck Berry,Roll Over Beethoven,1956,1950s,Rock & Roll,international,,no
Chuck Berry,Maybellene,1955,1950s,Rock & Roll,international,,no
Little Richard,Tutti Frutti,1955,1950s,Rock & Roll,international,,no
Little Richard,Long Tall Sally,1956,1950s,Rock & Roll,international,,no
Jerry Lee Lewis,Great Balls of Fire,1957,1950s,Rock & Roll,international,,no
Jerry Lee Lewis,Whole Lotta Shakin' Goin' On,1957,1950s,Rock & Roll,international,,no
Buddy Holly,Peggy Sue,1957,1950s,Rock & Roll,international,,no
Buddy Holly,That'll Be the Day,1957,1950s,Rock & Roll,international,,no
Bill Haley & His Comets,Rock Around the Clock,1954,1950s,Rock & Roll,international,,no
The Platters,Only You (And You Alone),1955,1950s,Pop,international,,no
The Chordettes,Mr. Sandman,1954,1950s,Pop,international,,no
The Chordettes,Lollipop,1958,1950s,Pop,international,,no
Paul Anka,Diana,1957,1950s,Pop,international,,no
Paul Anka,Put Your Head on My Shoulder,1959,1950s,Pop,international,,no
Ritchie Valens,La Bamba,1958,1950s,Rock & Roll,international,,no
The Everly Brothers,Wake Up Little Susie,1957,1950s,Pop,international,,no
The Everly Brothers,All I Have to Do Is Dream,1958,1950s,Pop,international,,no
Ray Charles,What'd I Say,1959,1950s,Soul / R&B,international,,no
Ray Charles,Hit the Road Jack,1961,1960s,Soul / R&B,international,,no
Ben E. King,Stand by Me,1961,1960s,Soul / R&B,international,,no
Sam Cooke,Wonderful World,1960,1960s,Soul / R&B,international,,no
Sam Cooke,A Change Is Gonna Come,1964,1960s,Soul / R&B,international,,no
Chubby Checker,The Twist,1960,1960s,Pop,international,,no
Chubby Checker,Let's Twist Again,1961,1960s,Pop,international,,no
Roy Orbison,"Oh, Pretty Woman",1964,1960s,Pop,international,,no
Roy Orbison,Only the Lonely,1960,1960s,Pop,international,,no
Del Shannon,Runaway,1961,1960s,Pop,international,,no
The Tokens,The Lion Sleeps Tonight,1961,1960s,Pop,international,,no
The Beach Boys,Surfin' U.S.A.,1963,1960s,Pop,international,,no
The Beach Boys,I Get Around,1964,1960s,Pop,international,,no
The Beach Boys,California Girls,1965,1960s,Pop,international,,no
The Beach Boys,Good Vibrations,1966,1960s,Pop,international,,no
The Beatles,Love Me Do,1962,1960s,Pop,international,,no
The Beatles,She Loves You,1963,1960s,Pop,international,,no
The Beatles,I Want to Hold Your Hand,1963,1960s,Pop,international,,no
The Beatles,A Hard Day's Night,1964,1960s,Pop,international,,no
The Beatles,Help!,1965,1960s,Pop,international,,no
The Beatles,Yesterday,1965,1960s,Pop,international,,no
The Beatles,Ticket to Ride,1965,1960s,Pop,international,,no
The Beatles,Day Tripper,1965,1960s,Rock,international,,no
The Beatles,Eleanor Rigby,1966,1960s,Pop,international,,no
The Beatles,Yellow Submarine,1966,1960s,Pop,international,,no
The Beatles,Penny Lane,1967,1960s,Pop,international,,no
The Beatles,All You Need Is Love,1967,1960s,Pop,international,,no
The Beatles,Hey Jude,1968,1960s,Pop,international,,no
The Beatles,Come Together,1969,1960s,Rock,international,,no
The Beatles,Here Comes the Sun,1969,1960s,Pop,international,,no
The Beatles,Let It Be,1970,1970s,Pop,international,,no
The Rolling Stones,(I Can't Get No) Satisfaction,1965,1960s,Rock,international,,no
The Rolling Stones,"Paint It, Black",1966,1960s,Rock,international,,no
The Rolling Stones,Ruby Tuesday,1967,1960s,Rock,international,,no
The Rolling Stones,Jumpin' Jack Flash,1968,1960s,Rock,international,,no
The Rolling Stones,Honky Tonk Women,1969,1960s,Rock,international,,no
The Kinks,You Really Got Me,1964,1960s,Rock,international,,no
The Kinks,All Day and All of the Night,1964,1960s,Rock,international,,no
The Kinks,Waterloo Sunset,1967,1960s,Rock,international,,no
The Who,My Generation,1965,1960s,Rock,international,,no
The Who,Pinball Wizard,1969,1960s,Rock,international,,no
The Animals,House of the Rising Sun,1964,1960s,Rock,international,,no
The Animals,Don't Let Me Be Misunderstood,1965,1960s,Rock,international,,no
The Mamas & the Papas,California Dreamin',1965,1960s,Pop,international,,no
The Mamas & the Papas,"Monday, Monday",1966,1960s,Pop,international,,no
Simon & Garfunkel,The Sound of Silence,1965,1960s,Folk / Pop,international,,no
Simon & Garfunkel,Mrs. Robinson,1968,1960s,Folk / Pop,international,,no
Simon & Garfunkel,The Boxer,1969,1960s,Folk / Pop,international,,no
Bob Dylan,Blowin' in the Wind,1963,1960s,Folk,international,,no
Bob Dylan,The Times They Are a-Changin',1964,1960s,Folk,international,,no
Bob Dylan,Like a Rolling Stone,1965,1960s,Folk / Rock,international,,no
The Byrds,Mr. Tambourine Man,1965,1960s,Folk / Rock,international,,no
The Byrds,Turn! Turn! Turn!,1965,1960s,Folk / Rock,international,,no
The Doors,Light My Fire,1967,1960s,Rock,international,,no
The Doors,People Are Strange,1967,1960s,Rock,international,,no
The Doors,"Hello, I Love You",1968,1960s,Rock,international,,no
Jimi Hendrix,Purple Haze,1967,1960s,Rock,international,,no
Jimi Hendrix,Hey Joe,1966,1960s,Rock,international,,no
Cream,Sunshine of Your Love,1967,1960s,Rock,international,,no
Cream,White Room,1968,1960s,Rock,international,,no
Creedence Clearwater Revival,Proud Mary,1969,1960s,Rock,international,,no
Creedence Clearwater Revival,Bad Moon Rising,1969,1960s,Rock,international,,no
Creedence Clearwater Revival,Fortunate Son,1969,1960s,Rock,international,,no
Jefferson Airplane,Somebody to Love,1967,1960s,Rock,international,,no
Jefferson Airplane,White Rabbit,1967,1960s,Rock,international,,no
Steppenwolf,Born to Be Wild,1968,1960s,Rock,international,,no
Procol Harum,A Whiter Shade of Pale,1967,1960s,Rock,international,,no
The Troggs,Wild Thing,1966,1960s,Rock,international,,no
The Monkees,I'm a Believer,1966,1960s,Pop,international,,no
The Monkees,Last Train to Clarksville,1966,1960s,Pop,international,,no
The Supremes,Where Did Our Love Go,1964,1960s,Soul / R&B,international,,no
The Supremes,Baby Love,1964,1960s,Soul / R&B,international,,no
The Supremes,You Can't Hurry Love,1966,1960s,Soul / R&B,international,,no
The Temptations,My Girl,1964,1960s,Soul / R&B,international,,no
The Temptations,Ain't Too Proud to Beg,1966,1960s,Soul / R&B,international,,no
Four Tops,"I Can't Help Myself (Sugar Pie, Honey Bunch)",1965,1960s,Soul / R&B,international,,no
Marvin Gaye,I Heard It Through the Grapevine,1968,1960s,Soul / R&B,international,,no
Marvin Gaye & Tammi Terrell,Ain't No Mountain High Enough,1967,1960s,Soul / R&B,international,,no
Aretha Franklin,Respect,1967,1960s,Soul / R&B,international,,no
Aretha Franklin,(You Make Me Feel Like) A Natural Woman,1967,1960s,Soul / R&B,international,,no
Otis Redding,(Sittin' On) The Dock of the Bay,1968,1960s,Soul / R&B,international,,no
James Brown,I Got You (I Feel Good),1965,1960s,Soul / Funk,international,,no
Wilson Pickett,In the Midnight Hour,1965,1960s,Soul / R&B,international,,no
Percy Sledge,When a Man Loves a Woman,1966,1960s,Soul / R&B,international,,no
The Foundations,Build Me Up Buttercup,1968,1960s,Pop,international,,no
Dusty Springfield,Son of a Preacher Man,1968,1960s,Pop,international,,no
Nancy Sinatra,These Boots Are Made for Walkin',1966,1960s,Pop,international,,no
Frank Sinatra,Strangers in the Night,1966,1960s,Pop,international,,no
Frank Sinatra,My Way,1969,1960s,Pop,international,,no
Louis Armstrong,What a Wonderful World,1967,1960s,Pop,international,,no
Tom Jones,It's Not Unusual,1965,1960s,Pop,international,,no
Tom Jones,Delilah,1968,1960s,Pop,international,,no
Neil Diamond,Sweet Caroline,1969,1960s,Pop,international,,no
John Lennon,Imagine,1971,1970s,Pop,international,,no
George Harrison,My Sweet Lord,1970,1970s,Pop,international,,no
Paul McCartney & Wings,Live and Let Die,1973,1970s,Rock,international,,no
Paul McCartney & Wings,Band on the Run,1973,1970s,Rock,international,,no
Elton John,Your Song,1970,1970s,Pop,international,,no
Elton John,Rocket Man,1972,1970s,Pop,international,,no
Elton John,Crocodile Rock,1972,1970s,Pop,international,,no
Elton John,Goodbye Yellow Brick Road,1973,1970s,Pop,international,,no
Elton John,Bennie and the Jets,1973,1970s,Pop,international,,no
Elton John,Don't Go Breaking My Heart,1976,1970s,Pop,international,,no
David Bowie,Changes,1971,1970s,Rock,international,,no
David Bowie,Starman,1972,1970s,Rock,international,,no
David Bowie,The Jean Genie,1972,1970s,Rock,international,,no
David Bowie,Rebel Rebel,1974,1970s,Rock,international,,no
David Bowie,Heroes,1977,1970s,Rock,international,,no
Queen,Killer Queen,1974,1970s,Rock,international,,no
Queen,Bohemian Rhapsody,1975,1970s,Rock,international,,no
Queen,You're My Best Friend,1975,1970s,Rock,international,,no
Queen,Somebody to Love,1976,1970s,Rock,international,,no
Queen,We Will Rock You,1977,1970s,Rock,international,,no
Queen,We Are the Champions,1977,1970s,Rock,international,,no
Queen,Don't Stop Me Now,1978,1970s,Rock,international,,no
Led Zeppelin,Immigrant Song,1970,1970s,Rock,international,,no
Led Zeppelin,Black Dog,1971,1970s,Rock,international,,no
Led Zeppelin,Stairway to Heaven,1971,1970s,Rock,international,,no
Led Zeppelin,Rock and Roll,1971,1970s,Rock,international,,no
Led Zeppelin,Kashmir,1975,1970s,Rock,international,,no
Deep Purple,Smoke on the Water,1972,1970s,Rock,international,,no
Deep Purple,Highway Star,1972,1970s,Rock,international,,no
Black Sabbath,Paranoid,1970,1970s,Rock,international,,no
Black Sabbath,Iron Man,1970,1970s,Rock,international,,no
Black Sabbath,War Pigs,1970,1970s,Rock,international,,no
Pink Floyd,Money,1973,1970s,Rock,international,,no
Pink Floyd,Wish You Were Here,1975,1970s,Rock,international,,no
Pink Floyd,"Another Brick in the Wall, Pt. 2",1979,1970s,Rock,international,,no
Fleetwood Mac,Rhiannon,1975,1970s,Rock,international,,no
Fleetwood Mac,Go Your Own Way,1976,1970s,Rock,international,,no
Fleetwood Mac,Dreams,1977,1970s,Rock,international,,no
Eagles,Take It Easy,1972,1970s,Rock,international,,no
Eagles,Desperado,1973,1970s,Rock,international,,no
Eagles,Hotel California,1976,1970s,Rock,international,,no
Eagles,New Kid in Town,1976,1970s,Rock,international,,no
Boston,More Than a Feeling,1976,1970s,Rock,international,,no
Kansas,Carry on Wayward Son,1976,1970s,Rock,international,,no
Blue Öyster Cult,(Don't Fear) The Reaper,1976,1970s,Rock,international,,no
Foreigner,Cold as Ice,1977,1970s,Rock,international,,no
Foreigner,Hot Blooded,1978,1970s,Rock,international,,no
Dire Straits,Sultans of Swing,1978,1970s,Rock,international,,no
Supertramp,The Logical Song,1979,1970s,Rock,international,,no
Supertramp,Breakfast in America,1979,1970s,Rock,international,,no
The Clash,London Calling,1979,1970s,Rock,international,,no
The Clash,Should I Stay or Should I Go,1982,1980s,Rock,international,,no
Ramones,Blitzkrieg Bop,1976,1970s,Rock,international,,no
Sex Pistols,Anarchy in the U.K.,1976,1970s,Rock,international,,no
Sex Pistols,God Save the Queen,1977,1970s,Rock,international,,no
AC/DC,T.N.T.,1975,1970s,Rock,international,,no
AC/DC,Dirty Deeds Done Dirt Cheap,1976,1970s,Rock,international,,no
AC/DC,Highway to Hell,1979,1970s,Rock,international,,no
Aerosmith,Dream On,1973,1970s,Rock,international,,no
Aerosmith,Walk This Way,1975,1970s,Rock,international,,no
KISS,Rock and Roll All Nite,1975,1970s,Rock,international,,no
KISS,I Was Made for Lovin' You,1979,1970s,Rock,international,,no
Lynyrd Skynyrd,Sweet Home Alabama,1974,1970s,Rock,international,,no
Lynyrd Skynyrd,Free Bird,1973,1970s,Rock,international,,no
Bruce Springsteen,Born to Run,1975,1970s,Rock,international,,no
Bruce Springsteen,Thunder Road,1975,1970s,Rock,international,,no
Billy Joel,Piano Man,1973,1970s,Pop,international,,no
Billy Joel,Just the Way You Are,1977,1970s,Pop,international,,no
Billy Joel,My Life,1978,1970s,Pop,international,,no
Rod Stewart,Maggie May,1971,1970s,Pop,international,,no
Rod Stewart,Da Ya Think I'm Sexy?,1978,1970s,Pop,international,,no
Cat Stevens,Wild World,1970,1970s,Folk / Pop,international,,no
Cat Stevens,Father and Son,1970,1970s,Folk / Pop,international,,no
Carole King,It's Too Late,1971,1970s,Pop,international,,no
Carole King,You've Got a Friend,1971,1970s,Pop,international,,no
Don McLean,American Pie,1971,1970s,Folk / Pop,international,,no
Harry Nilsson,Without You,1971,1970s,Pop,international,,no
Gilbert O'Sullivan,Alone Again (Naturally),1972,1970s,Pop,international,,no
T. Rex,Get It On,1971,1970s,Rock,international,,no
T. Rex,Hot Love,1971,1970s,Rock,international,,no
Slade,Cum On Feel the Noize,1973,1970s,Rock,international,,no
Sweet,Ballroom Blitz,1973,1970s,Rock,international,,no
Sweet,Fox on the Run,1975,1970s,Rock,international,,no
Electric Light Orchestra,Mr. Blue Sky,1977,1970s,Pop / Rock,international,,no
Electric Light Orchestra,Livin' Thing,1976,1970s,Pop / Rock,international,,no
Steve Miller Band,The Joker,1973,1970s,Rock,international,,no
Steve Miller Band,Fly Like an Eagle,1976,1970s,Rock,international,,no
Steve Miller Band,Rock'n Me,1976,1970s,Rock,international,,no
Santana,Black Magic Woman,1970,1970s,Rock,international,,no
Santana,Oye Como Va,1970,1970s,Rock,international,,no
Steely Dan,Reelin' in the Years,1972,1970s,Rock,international,,no
Golden Earring,Radar Love,1973,1970s,Rock,international,,no
The Knack,My Sharona,1979,1970s,Rock,international,,no
Blondie,Heart of Glass,1978,1970s,Pop / Rock,international,,no
Blondie,One Way or Another,1978,1970s,Pop / Rock,international,,no
The Police,Roxanne,1978,1970s,Rock,international,,no
The Police,Message in a Bottle,1979,1970s,Rock,international,,no
ABBA,Waterloo,1974,1970s,Pop,international,,no
ABBA,Mamma Mia,1975,1970s,Pop,international,,no
ABBA,SOS,1975,1970s,Pop,international,,no
ABBA,Dancing Queen,1976,1970s,Pop,international,,no
ABBA,"Knowing Me, Knowing You",1976,1970s,Pop,international,,no
ABBA,Take a Chance on Me,1977,1970s,Pop,international,,no
ABBA,Gimme! Gimme! Gimme! (A Man After Midnight),1979,1970s,Pop,international,,no
Bee Gees,How Deep Is Your Love,1977,1970s,Disco / Pop,international,,no
Bee Gees,Stayin' Alive,1977,1970s,Disco / Pop,international,,no
Bee Gees,Night Fever,1978,1970s,Disco / Pop,international,,no
Bee Gees,More Than a Woman,1977,1970s,Disco / Pop,international,,no
Donna Summer,Love to Love You Baby,1975,1970s,Disco,international,,no
Donna Summer,I Feel Love,1977,1970s,Disco,international,,no
Donna Summer,Hot Stuff,1979,1970s,Disco,international,,no
Gloria Gaynor,I Will Survive,1978,1970s,Disco,international,,no
"Earth, Wind & Fire",September,1978,1970s,Disco / Funk,international,,no
"Earth, Wind & Fire",Boogie Wonderland,1979,1970s,Disco / Funk,international,,no
Chic,Le Freak,1978,1970s,Disco / Funk,international,,no
Chic,Good Times,1979,1970s,Disco / Funk,international,,no
Sister Sledge,We Are Family,1979,1970s,Disco,international,,no
Village People,Y.M.C.A.,1978,1970s,Disco,international,,no
Village People,In the Navy,1979,1970s,Disco,international,,no
Boney M.,Daddy Cool,1976,1970s,Disco,international,,no
Boney M.,Rasputin,1978,1970s,Disco,international,,no
Boney M.,Rivers of Babylon,1978,1970s,Disco,international,,no
KC and the Sunshine Band,That's the Way (I Like It),1975,1970s,Disco,international,,no
KC and the Sunshine Band,Give It Up,1983,1980s,Disco,international,,no
The Trammps,Disco Inferno,1976,1970s,Disco,international,,no
The Jacksons,Blame It on the Boogie,1978,1970s,Disco / Funk,international,,no
Wild Cherry,Play That Funky Music,1976,1970s,Funk,international,,no
Commodores,Easy,1977,1970s,Soul / R&B,international,,no
Commodores,Three Times a Lady,1978,1970s,Soul / R&B,international,,no
Marvin Gaye,What's Going On,1971,1970s,Soul / R&B,international,,no
Marvin Gaye,Let's Get It On,1973,1970s,Soul / R&B,international,,no
Al Green,Let's Stay Together,1971,1970s,Soul / R&B,international,,no
Bill Withers,Ain't No Sunshine,1971,1970s,Soul / R&B,international,,no
Bill Withers,Lean on Me,1972,1970s,Soul / R&B,international,,no
Stevie Wonder,Superstition,1972,1970s,Soul / Funk,international,,no
Stevie Wonder,You Are the Sunshine of My Life,1972,1970s,Soul / R&B,international,,no
Stevie Wonder,Sir Duke,1976,1970s,Soul / Funk,international,,no
Stevie Wonder,Isn't She Lovely,1976,1970s,Soul / R&B,international,,no
Barry White,"You're the First, the Last, My Everything",1974,1970s,Soul / R&B,international,,no
The O'Jays,Love Train,1972,1970s,Soul / R&B,international,,no
Thelma Houston,Don't Leave Me This Way,1976,1970s,Disco,international,,no
M,Pop Muzik,1979,1970s,New Wave,international,,no
Queen,Another One Bites the Dust,1980,1980s,Rock,international,,no
Queen,Crazy Little Thing Called Love,1979,1970s,Rock,international,,no
Queen,Under Pressure,1981,1980s,Rock,international,,no
Queen,Radio Ga Ga,1984,1980s,Rock,international,,no
Queen,I Want to Break Free,1984,1980s,Rock,international,,no
Queen,A Kind of Magic,1986,1980s,Rock,international,,no
Queen,The Show Must Go On,1991,1990s,Rock,international,,no
Michael Jackson,Don't Stop 'Til You Get Enough,1979,1970s,Pop,international,,no
Michael Jackson,Rock with You,1979,1970s,Pop,international,,no
Michael Jackson,Billie Jean,1982,1980s,Pop,international,,no
Michael Jackson,Beat It,1982,1980s,Pop,international,,no
Michael Jackson,Thriller,1982,1980s,Pop,international,,no
Michael Jackson,Wanna Be Startin' Somethin',1982,1980s,Pop,international,,no
Michael Jackson,Human Nature,1982,1980s,Pop,international,,no
Michael Jackson,Bad,1987,1980s,Pop,international,,no
Michael Jackson,The Way You Make Me Feel,1987,1980s,Pop,international,,no
Michael Jackson,Man in the Mirror,1987,1980s,Pop,international,,no
Michael Jackson,Smooth Criminal,1987,1980s,Pop,international,,no
Madonna,Holiday,1983,1980s,Pop,international,,no
Madonna,Like a Virgin,1984,1980s,Pop,international,,no
Madonna,Material Girl,1984,1980s,Pop,international,,no
Madonna,Into the Groove,1985,1980s,Pop,international,,no
Madonna,Papa Don't Preach,1986,1980s,Pop,international,,no
Madonna,La Isla Bonita,1986,1980s,Pop,international,,no
Madonna,Like a Prayer,1989,1980s,Pop,international,,no
Prince,1999,1982,1980s,Pop / Funk,international,,no
Prince,Little Red Corvette,1982,1980s,Pop / Rock,international,,no
Prince,When Doves Cry,1984,1980s,Pop / Rock,international,,no
Prince,Purple Rain,1984,1980s,Pop / Rock,international,,no
Prince,Kiss,1986,1980s,Pop / Funk,international,,no
Whitney Houston,How Will I Know,1985,1980s,Pop,international,,no
Whitney Houston,Greatest Love of All,1985,1980s,Pop,international,,no
Whitney Houston,I Wanna Dance with Somebody (Who Loves Me),1987,1980s,Pop,international,,no
Whitney Houston,So Emotional,1987,1980s,Pop,international,,no
Cyndi Lauper,Girls Just Want to Have Fun,1983,1980s,Pop,international,,no
Cyndi Lauper,Time After Time,1983,1980s,Pop,international,,no
Cyndi Lauper,True Colors,1986,1980s,Pop,international,,no
Tina Turner,What's Love Got to Do with It,1984,1980s,Pop,international,,no
Tina Turner,Private Dancer,1984,1980s,Pop,international,,no
Tina Turner,The Best,1989,1980s,Pop,international,,no
Bonnie Tyler,Total Eclipse of the Heart,1983,1980s,Pop / Rock,international,,no
Bonnie Tyler,Holding Out for a Hero,1984,1980s,Pop / Rock,international,,no
Laura Branigan,Gloria,1982,1980s,Pop,international,,no
Laura Branigan,Self Control,1984,1980s,Pop,international,,no
Kim Wilde,Kids in America,1981,1980s,Pop,international,,no
Kim Wilde,You Keep Me Hangin' On,1986,1980s,Pop,international,,no
Belinda Carlisle,Heaven Is a Place on Earth,1987,1980s,Pop,international,,no
Irene Cara,Flashdance... What a Feeling,1983,1980s,Pop,international,,no
Kenny Loggins,Footloose,1984,1980s,Pop / Rock,international,,no
Ray Parker Jr.,Ghostbusters,1984,1980s,Pop,international,,no
Survivor,Eye of the Tiger,1982,1980s,Rock,international,,no
Europe,The Final Countdown,1986,1980s,Rock,international,,no
Bon Jovi,You Give Love a Bad Name,1986,1980s,Rock,international,,no
Bon Jovi,Livin' on a Prayer,1986,1980s,Rock,international,,no
Bon Jovi,Wanted Dead or Alive,1986,1980s,Rock,international,,no
Bon Jovi,Bad Medicine,1988,1980s,Rock,international,,no
Guns N' Roses,Welcome to the Jungle,1987,1980s,Rock,international,,no
Guns N' Roses,Sweet Child o' Mine,1987,1980s,Rock,international,,no
Guns N' Roses,Paradise City,1987,1980s,Rock,international,,no
Def Leppard,Pour Some Sugar on Me,1987,1980s,Rock,international,,no
Def Leppard,Hysteria,1987,1980s,Rock,international,,no
Van Halen,Jump,1984,1980s,Rock,international,,no
Van Halen,Panama,1984,1980s,Rock,international,,no
Journey,Don't Stop Believin',1981,1980s,Rock,international,,no
Journey,Open Arms,1981,1980s,Rock,international,,no
Foreigner,I Want to Know What Love Is,1984,1980s,Rock,international,,no
REO Speedwagon,Keep on Loving You,1980,1980s,Rock,international,,no
REO Speedwagon,Can't Fight This Feeling,1984,1980s,Rock,international,,no
Bryan Adams,Run to You,1984,1980s,Rock,international,,no
Bryan Adams,Summer of '69,1985,1980s,Rock,international,,no
Bryan Adams,Heaven,1984,1980s,Rock,international,,no
Bruce Springsteen,Hungry Heart,1980,1980s,Rock,international,,no
Bruce Springsteen,Dancing in the Dark,1984,1980s,Rock,international,,no
Bruce Springsteen,Born in the U.S.A.,1984,1980s,Rock,international,,no
Bruce Springsteen,I'm on Fire,1984,1980s,Rock,international,,no
Dire Straits,Romeo and Juliet,1980,1980s,Rock,international,,no
Dire Straits,Money for Nothing,1985,1980s,Rock,international,,no
Dire Straits,Walk of Life,1985,1980s,Rock,international,,no
U2,Sunday Bloody Sunday,1983,1980s,Rock,international,,no
U2,Pride (In the Name of Love),1984,1980s,Rock,international,,no
U2,With or Without You,1987,1980s,Rock,international,,no
U2,I Still Haven't Found What I'm Looking For,1987,1980s,Rock,international,,no
U2,Where the Streets Have No Name,1987,1980s,Rock,international,,no
The Police,Don't Stand So Close to Me,1980,1980s,Rock,international,,no
The Police,Every Little Thing She Does Is Magic,1981,1980s,Rock,international,,no
The Police,Every Breath You Take,1983,1980s,Rock,international,,no
Sting,If You Love Somebody Set Them Free,1985,1980s,Pop / Rock,international,,no
Sting,Englishman in New York,1987,1980s,Pop / Rock,international,,no
Phil Collins,In the Air Tonight,1981,1980s,Pop,international,,no
Phil Collins,You Can't Hurry Love,1982,1980s,Pop,international,,no
Phil Collins,Against All Odds (Take a Look at Me Now),1984,1980s,Pop,international,,no
Phil Collins,Sussudio,1985,1980s,Pop,international,,no
Genesis,Mama,1983,1980s,Rock,international,,no
Genesis,Invisible Touch,1986,1980s,Pop / Rock,international,,no
Peter Gabriel,Sledgehammer,1986,1980s,Pop / Rock,international,,no
Peter Gabriel,Big Time,1986,1980s,Pop / Rock,international,,no
Tears for Fears,Shout,1984,1980s,Pop,international,,no
Tears for Fears,Everybody Wants to Rule the World,1985,1980s,Pop,international,,no
Duran Duran,Girls on Film,1981,1980s,Pop,international,,no
Duran Duran,Hungry Like the Wolf,1982,1980s,Pop,international,,no
Duran Duran,Rio,1982,1980s,Pop,international,,no
Duran Duran,The Reflex,1984,1980s,Pop,international,,no
Duran Duran,A View to a Kill,1985,1980s,Pop,international,,no
Spandau Ballet,True,1983,1980s,Pop,international,,no
a-ha,Take on Me,1985,1980s,Pop,international,,no
a-ha,The Sun Always Shines on T.V.,1985,1980s,Pop,international,,no
Wham!,Wake Me Up Before You Go-Go,1984,1980s,Pop,international,,no
Wham!,Last Christmas,1984,1980s,Pop,international,,no
George Michael,Faith,1987,1980s,Pop,international,,no
George Michael,Father Figure,1987,1980s,Pop,international,,no
George Michael,One More Try,1987,1980s,Pop,international,,no
Rick Astley,Never Gonna Give You Up,1987,1980s,Pop,international,,no
Rick Astley,Together Forever,1988,1980s,Pop,international,,no
Eurythmics,Sweet Dreams (Are Made of This),1983,1980s,Pop,international,,no
Eurythmics,Here Comes the Rain Again,1983,1980s,Pop,international,,no
Eurythmics,There Must Be an Angel (Playing with My Heart),1985,1980s,Pop,international,,no
Culture Club,Do You Really Want to Hurt Me,1982,1980s,Pop,international,,no
Culture Club,Karma Chameleon,1983,1980s,Pop,international,,no
Pet Shop Boys,West End Girls,1985,1980s,Pop,international,,no
Pet Shop Boys,It's a Sin,1987,1980s,Pop,international,,no
Pet Shop Boys,Always on My Mind,1987,1980s,Pop,international,,no
Depeche Mode,Just Can't Get Enough,1981,1980s,Alternative,international,,no
Depeche Mode,People Are People,1984,1980s,Alternative,international,,no
Depeche Mode,Personal Jesus,1989,1980s,Alternative,international,,no
New Order,Blue Monday,1983,1980s,Alternative,international,,no
New Order,Bizarre Love Triangle,1986,1980s,Alternative,international,,no
The Cure,Just Like Heaven,1987,1980s,Alternative,international,,no
The Cure,Lovesong,1989,1980s,Alternative,international,,no
The Cure,Friday I'm in Love,1992,1990s,Alternative,international,,no
The Smiths,This Charming Man,1983,1980s,Alternative,international,,no
The Smiths,There Is a Light That Never Goes Out,1986,1980s,Alternative,international,,no
INXS,Need You Tonight,1987,1980s,Rock,international,,no
INXS,Never Tear Us Apart,1987,1980s,Rock,international,,no
Simple Minds,Don't You (Forget About Me),1985,1980s,Pop / Rock,international,,no
Talk Talk,It's My Life,1984,1980s,Pop,international,,no
Soft Cell,Tainted Love,1981,1980s,Pop,international,,no
The Human League,Don't You Want Me,1981,1980s,Pop,international,,no
OMD,Enola Gay,1980,1980s,Pop,international,,no
Nena,99 Luftballons,1983,1980s,Pop,international,,no
Men at Work,Down Under,1981,1980s,Pop / Rock,international,,no
Men at Work,Who Can It Be Now?,1981,1980s,Pop / Rock,international,,no
Toto,Africa,1982,1980s,Rock,international,,no
Toto,Rosanna,1982,1980s,Rock,international,,no
The Cars,Drive,1984,1980s,Pop / Rock,international,,no
The Cars,You Might Think,1984,1980s,Pop / Rock,international,,no
ZZ Top,Gimme All Your Lovin',1983,1980s,Rock,international,,no
ZZ Top,Sharp Dressed Man,1983,1980s,Rock,international,,no
Joan Jett & the Blackhearts,I Love Rock 'n Roll,1981,1980s,Rock,international,,no
Pat Benatar,Love Is a Battlefield,1983,1980s,Rock,international,,no
Heart,Alone,1987,1980s,Rock,international,,no
Starship,We Built This City,1985,1980s,Pop / Rock,international,,no
Starship,Nothing's Gonna Stop Us Now,1987,1980s,Pop / Rock,international,,no
Kenny Rogers & Dolly Parton,Islands in the Stream,1983,1980s,Country / Pop,international,,no
Dolly Parton,9 to 5,1980,1980s,Country / Pop,international,,no
Lionel Richie,Hello,1983,1980s,Soul / Pop,international,,no
Lionel Richie,All Night Long (All Night),1983,1980s,Soul / Pop,international,,no
Stevie Wonder,I Just Called to Say I Love You,1984,1980s,Soul / Pop,international,,no
Kool & the Gang,Celebration,1980,1980s,Funk / Pop,international,,no
Kool & the Gang,Get Down on It,1981,1980s,Funk / Pop,international,,no
"Earth, Wind & Fire",Let's Groove,1981,1980s,Funk / Pop,international,,no
The Pointer Sisters,I'm So Excited,1982,1980s,Pop,international,,no
The Pointer Sisters,Jump (For My Love),1983,1980s,Pop,international,,no
Chaka Khan,I Feel for You,1984,1980s,Soul / Pop,international,,no
Sade,Smooth Operator,1984,1980s,Soul / Pop,international,,no
Sade,The Sweetest Taboo,1985,1980s,Soul / Pop,international,,no
Terence Trent D'Arby,Sign Your Name,1987,1980s,Soul / Pop,international,,no
Tracy Chapman,Fast Car,1988,1980s,Folk / Pop,international,,no
Tracy Chapman,Talkin' 'bout a Revolution,1988,1980s,Folk / Pop,international,,no
Bobby McFerrin,Don't Worry Be Happy,1988,1980s,Pop,international,,no
Bangles,Walk Like an Egyptian,1986,1980s,Pop,international,,no
Bangles,Eternal Flame,1988,1980s,Pop,international,,no
The B-52's,Love Shack,1989,1980s,Pop / Rock,international,,no
Roxette,The Look,1988,1980s,Pop,international,,no
Roxette,Listen to Your Heart,1988,1980s,Pop,international,,no
Fine Young Cannibals,She Drives Me Crazy,1988,1980s,Pop,international,,no
Technotronic,Pump Up the Jam,1989,1980s,Dance,international,,no
Soul II Soul,Back to Life (However Do You Want Me),1989,1980s,Soul / R&B,international,,no
Nirvana,Smells Like Teen Spirit,1991,1990s,Alternative / Rock,international,,no
Nirvana,Come as You Are,1991,1990s,Alternative / Rock,international,,no
Nirvana,Lithium,1991,1990s,Alternative / Rock,international,,no
Pearl Jam,Alive,1991,1990s,Alternative / Rock,international,,no
Pearl Jam,Jeremy,1991,1990s,Alternative / Rock,international,,no
R.E.M.,Losing My Religion,1991,1990s,Alternative,international,,no
R.E.M.,Everybody Hurts,1992,1990s,Alternative,international,,no
R.E.M.,Man on the Moon,1992,1990s,Alternative,international,,no
Red Hot Chili Peppers,Under the Bridge,1991,1990s,Alternative / Rock,international,,no
Red Hot Chili Peppers,Give It Away,1991,1990s,Alternative / Rock,international,,no
Red Hot Chili Peppers,Scar Tissue,1999,1990s,Alternative / Rock,international,,no
Red Hot Chili Peppers,Otherside,1999,1990s,Alternative / Rock,international,,no
Green Day,Basket Case,1994,1990s,Alternative / Rock,international,,no
Green Day,When I Come Around,1994,1990s,Alternative / Rock,international,,no
The Cranberries,Linger,1993,1990s,Alternative,international,,no
The Cranberries,Zombie,1994,1990s,Alternative / Rock,international,,no
Oasis,Supersonic,1994,1990s,Alternative / Rock,international,,no
Oasis,Live Forever,1994,1990s,Alternative / Rock,international,,no
Oasis,Wonderwall,1995,1990s,Alternative / Rock,international,,no
Oasis,Don't Look Back in Anger,1995,1990s,Alternative / Rock,international,,no
Blur,Girls & Boys,1994,1990s,Alternative,international,,no
Blur,Parklife,1994,1990s,Alternative,international,,no
Blur,Song 2,1997,1990s,Alternative / Rock,international,,no
Pulp,Common People,1995,1990s,Alternative,international,,no
Radiohead,Creep,1992,1990s,Alternative,international,,no
Radiohead,High and Dry,1995,1990s,Alternative,international,,no
Radiohead,Karma Police,1997,1990s,Alternative,international,,no
The Verve,Bitter Sweet Symphony,1997,1990s,Alternative,international,,no
Foo Fighters,Everlong,1997,1990s,Alternative / Rock,international,,no
Foo Fighters,Learn to Fly,1999,1990s,Alternative / Rock,international,,no
No Doubt,Just a Girl,1995,1990s,Alternative,international,,no
No Doubt,Don't Speak,1995,1990s,Alternative,international,,no
Alanis Morissette,You Oughta Know,1995,1990s,Alternative,international,,no
Alanis Morissette,Ironic,1995,1990s,Alternative,international,,no
The Offspring,Self Esteem,1994,1990s,Alternative / Rock,international,,no
The Offspring,Pretty Fly (For a White Guy),1998,1990s,Alternative / Rock,international,,no
Metallica,Enter Sandman,1991,1990s,Rock,international,,no
Metallica,Nothing Else Matters,1991,1990s,Rock,international,,no
Guns N' Roses,November Rain,1991,1990s,Rock,international,,no
Guns N' Roses,Knockin' on Heaven's Door,1990,1990s,Rock,international,,no
Aerosmith,Cryin',1993,1990s,Rock,international,,no
Aerosmith,I Don't Want to Miss a Thing,1998,1990s,Rock,international,,no
Bon Jovi,Always,1994,1990s,Rock,international,,no
Lenny Kravitz,Are You Gonna Go My Way,1993,1990s,Rock,international,,no
Lenny Kravitz,Fly Away,1998,1990s,Rock,international,,no
4 Non Blondes,What's Up?,1992,1990s,Alternative,international,,no
Crash Test Dummies,Mmm Mmm Mmm Mmm,1993,1990s,Alternative,international,,no
Fools Garden,Lemon Tree,1995,1990s,Pop,international,,no
Natalie Imbruglia,Torn,1997,1990s,Pop,international,,no
Sixpence None the Richer,Kiss Me,1998,1990s,Pop,international,,no
The Cardigans,Lovefool,1996,1990s,Pop,international,,no
Savage Garden,Truly Madly Deeply,1997,1990s,Pop,international,,no
Savage Garden,I Want You,1996,1990s,Pop,international,,no
Shania Twain,Man! I Feel Like a Woman!,1997,1990s,Country / Pop,international,,no
Shania Twain,You're Still the One,1997,1990s,Country / Pop,international,,no
Faith Hill,This Kiss,1998,1990s,Country / Pop,international,,no
Cher,Believe,1998,1990s,Pop,international,,no
Celine Dion,The Power of Love,1993,1990s,Pop,international,,no
Celine Dion,Because You Loved Me,1996,1990s,Pop,international,,no
Celine Dion,My Heart Will Go On,1997,1990s,Pop,international,,no
Whitney Houston,I Will Always Love You,1992,1990s,Pop,international,,no
Mariah Carey,Vision of Love,1990,1990s,Pop,international,,no
Mariah Carey,Hero,1993,1990s,Pop,international,,no
Mariah Carey,Fantasy,1995,1990s,Pop,international,,no
Mariah Carey,Always Be My Baby,1995,1990s,Pop,international,,no
Mariah Carey,Heartbreaker,1999,1990s,Pop,international,,no
George Michael,Freedom! '90,1990,1990s,Pop,international,,no
George Michael,Jesus to a Child,1996,1990s,Pop,international,,no
Elton John,Can You Feel the Love Tonight,1994,1990s,Pop,international,,no
Elton John,Candle in the Wind 1997,1997,1990s,Pop,international,,no
Roxette,It Must Have Been Love,1990,1990s,Pop,international,,no
Roxette,Joyride,1991,1990s,Pop,international,,no
Roxette,How Do You Do!,1992,1990s,Pop,international,,no
Bryan Adams,(Everything I Do) I Do It for You,1991,1990s,Pop / Rock,international,,no
Bryan Adams,Please Forgive Me,1993,1990s,Pop / Rock,international,,no
Sting,Fields of Gold,1993,1990s,Pop,international,,no
Sting,Shape of My Heart,1993,1990s,Pop,international,,no
Seal,Crazy,1990,1990s,Soul / Pop,international,,no
Seal,Kiss from a Rose,1994,1990s,Soul / Pop,international,,no
Sinead O'Connor,Nothing Compares 2 U,1990,1990s,Pop,international,,no
Annie Lennox,Why,1992,1990s,Pop,international,,no
The Corrs,Runaway,1995,1990s,Pop,international,,no
The Corrs,Dreams,1998,1990s,Pop,international,,no
Backstreet Boys,Quit Playing Games (With My Heart),1996,1990s,Pop,international,,no
Backstreet Boys,Everybody (Backstreet's Back),1997,1990s,Pop,international,,no
Backstreet Boys,As Long as You Love Me,1997,1990s,Pop,international,,no
Backstreet Boys,I Want It That Way,1999,1990s,Pop,international,,no
Spice Girls,Wannabe,1996,1990s,Pop,international,,no
Spice Girls,Say You'll Be There,1996,1990s,Pop,international,,no
Spice Girls,2 Become 1,1996,1990s,Pop,international,,no
Spice Girls,Spice Up Your Life,1997,1990s,Pop,international,,no
NSYNC,Tearin' Up My Heart,1997,1990s,Pop,international,,no
Britney Spears,...Baby One More Time,1998,1990s,Pop,international,,no
Britney Spears,Sometimes,1999,1990s,Pop,international,,no
Christina Aguilera,Genie in a Bottle,1999,1990s,Pop,international,,no
Jennifer Lopez,If You Had My Love,1999,1990s,Pop,international,,no
Ricky Martin,Livin' la Vida Loca,1999,1990s,Pop,international,,no
Ricky Martin,She Bangs,2000,2000s,Pop,international,,no
Lou Bega,Mambo No. 5 (A Little Bit of...),1999,1990s,Pop,international,,no
Hanson,MMMBop,1997,1990s,Pop,international,,no
Aqua,Barbie Girl,1997,1990s,Dance / Pop,international,,no
Aqua,Doctor Jones,1997,1990s,Dance / Pop,international,,no
Ace of Base,All That She Wants,1992,1990s,Pop,international,,no
Ace of Base,The Sign,1993,1990s,Pop,international,,no
Ace of Base,Beautiful Life,1995,1990s,Pop,international,,no
Scatman John,Scatman (Ski-Ba-Bop-Ba-Dop-Bop),1994,1990s,Dance,international,,no
Scatman John,Scatman's World,1995,1990s,Dance,international,,no
Rednex,Cotton Eye Joe,1994,1990s,Dance,international,,no
Los del Río,Macarena,1993,1990s,Dance / Pop,international,,no
Eiffel 65,Blue (Da Ba Dee),1998,1990s,Dance,international,,no
Culture Beat,Mr. Vain,1993,1990s,Dance,international,,no
Haddaway,What Is Love,1993,1990s,Dance,international,,no
Snap!,Rhythm Is a Dancer,1992,1990s,Dance,international,,no
2 Unlimited,No Limit,1993,1990s,Dance,international,,no
2 Unlimited,Get Ready for This,1991,1990s,Dance,international,,no
Corona,The Rhythm of the Night,1993,1990s,Dance,international,,no
La Bouche,Be My Lover,1995,1990s,Dance,international,,no
Real McCoy,Another Night,1993,1990s,Dance,international,,no
Dr. Alban,It's My Life,1992,1990s,Dance,international,,no
Dr. Alban,Sing Hallelujah!,1992,1990s,Dance,international,,no
Vengaboys,We Like to Party! (The Vengabus),1998,1990s,Dance,international,,no
Vengaboys,"Boom, Boom, Boom, Boom!!",1998,1990s,Dance,international,,no
Vengaboys,We're Going to Ibiza!,1999,1990s,Dance,international,,no
Whigfield,Saturday Night,1994,1990s,Dance,international,,no
Gala,Freed from Desire,1996,1990s,Dance,international,,no
Ultra Naté,Free,1997,1990s,Dance,international,,no
Faithless,Insomnia,1995,1990s,Dance,international,,no
Robert Miles,Children,1995,1990s,Dance / Electronic,international,,no
Darude,Sandstorm,1999,1990s,Dance / Electronic,international,,no
ATB,9 PM (Till I Come),1998,1990s,Dance / Electronic,international,,no
The Chemical Brothers,Hey Boy Hey Girl,1999,1990s,Electronic,international,,no
The Prodigy,Firestarter,1996,1990s,Electronic,international,,no
The Prodigy,Breathe,1996,1990s,Electronic,international,,no
Fatboy Slim,The Rockafeller Skank,1998,1990s,Electronic,international,,no
Fatboy Slim,Praise You,1998,1990s,Electronic,international,,no
Moby,Porcelain,1999,1990s,Electronic,international,,no
Moby,Why Does My Heart Feel So Bad?,1999,1990s,Electronic,international,,no
Robin S,Show Me Love,1993,1990s,Dance,international,,no
C+C Music Factory,Gonna Make You Sweat (Everybody Dance Now),1990,1990s,Dance,international,,no
Technotronic,Get Up! (Before the Night Is Over),1990,1990s,Dance,international,,no
CeCe Peniston,Finally,1991,1990s,Dance,international,,no
Moloko,Sing It Back,1998,1990s,Dance,international,,no
Stardust,Music Sounds Better with You,1998,1990s,Dance,international,,no
Daft Punk,Around the World,1997,1990s,Electronic,international,,no
Daft Punk,Da Funk,1995,1990s,Electronic,international,,no
Modjo,Lady (Hear Me Tonight),2000,2000s,Dance,international,,no
Destiny's Child,"No, No, No",1997,1990s,R&B,international,,no
Destiny's Child,"Bills, Bills, Bills",1999,1990s,R&B,international,,no
TLC,Waterfalls,1995,1990s,R&B,international,,no
TLC,No Scrubs,1999,1990s,R&B,international,,no
En Vogue,Don't Let Go (Love),1996,1990s,R&B,international,,no
Brandy & Monica,The Boy Is Mine,1998,1990s,R&B,international,,no
Montell Jordan,This Is How We Do It,1995,1990s,R&B,international,,no
Blackstreet,No Diggity,1996,1990s,R&B,international,,no
Fugees,Killing Me Softly with His Song,1996,1990s,Hip-hop / R&B,international,,no
Fugees,Ready or Not,1996,1990s,Hip-hop,international,,no
Lauryn Hill,Doo Wop (That Thing),1998,1990s,Hip-hop / R&B,international,,no
Coolio,Gangsta's Paradise,1995,1990s,Hip-hop,international,,no
MC Hammer,U Can't Touch This,1990,1990s,Hip-hop,international,,no
Vanilla Ice,Ice Ice Baby,1990,1990s,Hip-hop,international,,no
House of Pain,Jump Around,1992,1990s,Hip-hop,international,,no
Sir Mix-a-Lot,Baby Got Back,1992,1990s,Hip-hop,international,,no
Salt-N-Pepa,Shoop,1993,1990s,Hip-hop,international,,no
Salt-N-Pepa,Whatta Man,1993,1990s,Hip-hop,international,,no
The Notorious B.I.G.,Juicy,1994,1990s,Hip-hop,international,,no
2Pac,California Love,1995,1990s,Hip-hop,international,,no
2Pac,Changes,1998,1990s,Hip-hop,international,,no
Dr. Dre,Nuthin' but a 'G' Thang,1992,1990s,Hip-hop,international,,no
Snoop Dogg,Gin and Juice,1993,1990s,Hip-hop,international,,no
Warren G,Regulate,1994,1990s,Hip-hop,international,,no
Beastie Boys,Intergalactic,1998,1990s,Hip-hop,international,,no
Will Smith,Gettin' Jiggy wit It,1997,1990s,Hip-hop,international,,no
Will Smith,Miami,1998,1990s,Hip-hop,international,,no
Eminem,My Name Is,1999,1990s,Hip-hop,international,,no
Jamiroquai,Virtual Insanity,1996,1990s,Funk / Pop,international,,no
Jamiroquai,Cosmic Girl,1996,1990s,Funk / Pop,international,,no
Jamiroquai,Canned Heat,1999,1990s,Funk / Pop,international,,no
Simply Red,Stars,1991,1990s,Soul / Pop,international,,no
Simply Red,Fairground,1995,1990s,Soul / Pop,international,,no
George Ezra,Budapest,2014,2010s,Pop,international,,no
Eminem,The Real Slim Shady,2000,2000s,Hip-hop,international,,no
Eminem,Stan,2000,2000s,Hip-hop,international,,no
Eminem,Without Me,2002,2000s,Hip-hop,international,,no
Eminem,Lose Yourself,2002,2000s,Hip-hop,international,,no
Eminem,Mockingbird,2004,2000s,Hip-hop,international,,no
50 Cent,In da Club,2003,2000s,Hip-hop,international,,no
50 Cent,Candy Shop,2005,2000s,Hip-hop,international,,no
Nelly,Hot in Herre,2002,2000s,Hip-hop,international,,no
Nelly,Dilemma,2002,2000s,Hip-hop / R&B,international,,no
Outkast,Ms. Jackson,2000,2000s,Hip-hop,international,,no
Outkast,Hey Ya!,2003,2000s,Hip-hop / Pop,international,,no
Outkast,Roses,2003,2000s,Hip-hop,international,,no
Kanye West,Gold Digger,2005,2000s,Hip-hop,international,,no
Kanye West,Stronger,2007,2000s,Hip-hop,international,,no
Jay-Z,99 Problems,2003,2000s,Hip-hop,international,,no
Jay-Z feat. Alicia Keys,Empire State of Mind,2009,2000s,Hip-hop,international,,no
The Black Eyed Peas,Where Is the Love?,2003,2000s,Pop / Hip-hop,international,,no
The Black Eyed Peas,Let's Get It Started,2003,2000s,Pop / Hip-hop,international,,no
The Black Eyed Peas,My Humps,2005,2000s,Pop / Hip-hop,international,,no
The Black Eyed Peas,Boom Boom Pow,2009,2000s,Pop / Hip-hop,international,,no
The Black Eyed Peas,I Gotta Feeling,2009,2000s,Pop,international,,no
Beyoncé,Crazy in Love,2003,2000s,R&B / Pop,international,,no
Beyoncé,Baby Boy,2003,2000s,R&B / Pop,international,,no
Beyoncé,Irreplaceable,2006,2000s,R&B / Pop,international,,no
Beyoncé,Single Ladies (Put a Ring on It),2008,2000s,R&B / Pop,international,,no
Beyoncé,Halo,2008,2000s,R&B / Pop,international,,no
Rihanna,Pon de Replay,2005,2000s,Pop / R&B,international,,no
Rihanna,SOS,2006,2000s,Pop,international,,no
Rihanna,Umbrella,2007,2000s,Pop / R&B,international,,no
Rihanna,Don't Stop the Music,2007,2000s,Pop,international,,no
Rihanna,Disturbia,2008,2000s,Pop,international,,no
Rihanna,Rude Boy,2009,2000s,Pop,international,,no
Alicia Keys,Fallin',2001,2000s,R&B,international,,no
Alicia Keys,If I Ain't Got You,2003,2000s,R&B,international,,no
Alicia Keys,No One,2007,2000s,R&B,international,,no
Usher,Yeah!,2004,2000s,R&B,international,,no
Usher,Burn,2004,2000s,R&B,international,,no
Ne-Yo,So Sick,2005,2000s,R&B,international,,no
Ne-Yo,Closer,2008,2000s,R&B / Pop,international,,no
Mary J. Blige,Family Affair,2001,2000s,R&B,international,,no
Destiny's Child,Survivor,2001,2000s,R&B / Pop,international,,no
Destiny's Child,Bootylicious,2001,2000s,R&B / Pop,international,,no
Destiny's Child,Lose My Breath,2004,2000s,R&B / Pop,international,,no
Shakira,"Whenever, Wherever",2001,2000s,Pop,international,,no
Shakira,Underneath Your Clothes,2001,2000s,Pop,international,,no
Shakira,Hips Don't Lie,2005,2000s,Pop,international,,no
Shakira,She Wolf,2009,2000s,Pop,international,,no
Jennifer Lopez,Love Don't Cost a Thing,2000,2000s,Pop,international,,no
Jennifer Lopez,Jenny from the Block,2002,2000s,Pop,international,,no
Jennifer Lopez,Get Right,2005,2000s,Pop,international,,no
Kylie Minogue,Spinning Around,2000,2000s,Pop,international,,no
Kylie Minogue,Can't Get You Out of My Head,2001,2000s,Pop,international,,no
Kylie Minogue,Love at First Sight,2002,2000s,Pop,international,,no
Britney Spears,Oops!... I Did It Again,2000,2000s,Pop,international,,no
Britney Spears,Stronger,2000,2000s,Pop,international,,no
Britney Spears,I'm a Slave 4 U,2001,2000s,Pop,international,,no
Britney Spears,Toxic,2003,2000s,Pop,international,,no
Britney Spears,Everytime,2003,2000s,Pop,international,,no
Britney Spears,Gimme More,2007,2000s,Pop,international,,no
Christina Aguilera,Beautiful,2002,2000s,Pop,international,,no
Christina Aguilera,Dirrty,2002,2000s,Pop,international,,no
Christina Aguilera,Fighter,2002,2000s,Pop,international,,no
Pink,Get the Party Started,2001,2000s,Pop,international,,no
Pink,Just Like a Pill,2001,2000s,Pop / Rock,international,,no
Pink,Who Knew,2006,2000s,Pop / Rock,international,,no
Pink,So What,2008,2000s,Pop / Rock,international,,no
Kelly Clarkson,Since U Been Gone,2004,2000s,Pop / Rock,international,,no
Kelly Clarkson,Because of You,2004,2000s,Pop,international,,no
Avril Lavigne,Complicated,2002,2000s,Pop / Rock,international,,no
Avril Lavigne,Sk8er Boi,2002,2000s,Pop / Rock,international,,no
Avril Lavigne,I'm with You,2002,2000s,Pop,international,,no
Avril Lavigne,Girlfriend,2007,2000s,Pop / Rock,international,,no
Nelly Furtado,I'm Like a Bird,2000,2000s,Pop,international,,no
Nelly Furtado,Maneater,2006,2000s,Pop,international,,no
Nelly Furtado,Promiscuous,2006,2000s,Pop,international,,no
Justin Timberlake,Cry Me a River,2002,2000s,Pop / R&B,international,,no
Justin Timberlake,Rock Your Body,2002,2000s,Pop / R&B,international,,no
Justin Timberlake,SexyBack,2006,2000s,Pop,international,,no
Justin Timberlake,What Goes Around... Comes Around,2006,2000s,Pop,international,,no
Gwen Stefani,What You Waiting For?,2004,2000s,Pop,international,,no
Gwen Stefani,Hollaback Girl,2004,2000s,Pop,international,,no
Gwen Stefani,The Sweet Escape,2006,2000s,Pop,international,,no
Lady Gaga,Just Dance,2008,2000s,Pop,international,,no
Lady Gaga,Poker Face,2008,2000s,Pop,international,,no
Lady Gaga,Paparazzi,2008,2000s,Pop,international,,no
Lady Gaga,Bad Romance,2009,2000s,Pop,international,,no
Katy Perry,I Kissed a Girl,2008,2000s,Pop,international,,no
Katy Perry,Hot n Cold,2008,2000s,Pop,international,,no
Katy Perry,Waking Up in Vegas,2008,2000s,Pop,international,,no
Miley Cyrus,See You Again,2007,2000s,Pop,international,,no
Miley Cyrus,Party in the U.S.A.,2009,2000s,Pop,international,,no
Taylor Swift,Love Story,2008,2000s,Pop / Country,international,,no
Taylor Swift,You Belong with Me,2008,2000s,Pop / Country,international,,no
Amy Winehouse,Rehab,2006,2000s,Soul / Pop,international,,no
Amy Winehouse,Back to Black,2006,2000s,Soul / Pop,international,,no
Duffy,Mercy,2008,2000s,Soul / Pop,international,,no
Norah Jones,Don't Know Why,2002,2000s,Jazz / Pop,international,,no
Leona Lewis,Bleeding Love,2007,2000s,Pop,international,,no
Natasha Bedingfield,Unwritten,2004,2000s,Pop,international,,no
Corinne Bailey Rae,Put Your Records On,2006,2000s,Soul / Pop,international,,no
Daniel Powter,Bad Day,2005,2000s,Pop,international,,no
James Blunt,You're Beautiful,2004,2000s,Pop,international,,no
James Blunt,1973,2007,2000s,Pop,international,,no
Jason Mraz,I'm Yours,2008,2000s,Pop,international,,no
Colbie Caillat,Bubbly,2007,2000s,Pop,international,,no
The Fray,How to Save a Life,2005,2000s,Pop / Rock,international,,no
The Fray,Over My Head (Cable Car),2005,2000s,Pop / Rock,international,,no
Coldplay,Yellow,2000,2000s,Alternative,international,,no
Coldplay,Clocks,2002,2000s,Alternative,international,,no
Coldplay,The Scientist,2002,2000s,Alternative,international,,no
Coldplay,Fix You,2005,2000s,Alternative,international,,no
Coldplay,Viva la Vida,2008,2000s,Alternative / Pop,international,,no
U2,Beautiful Day,2000,2000s,Rock,international,,no
U2,Vertigo,2004,2000s,Rock,international,,no
Green Day,American Idiot,2004,2000s,Alternative / Rock,international,,no
Green Day,Boulevard of Broken Dreams,2004,2000s,Alternative / Rock,international,,no
Green Day,Wake Me Up When September Ends,2004,2000s,Alternative / Rock,international,,no
Linkin Park,One Step Closer,2000,2000s,Alternative / Rock,international,,no
Linkin Park,In the End,2000,2000s,Alternative / Rock,international,,no
Linkin Park,Numb,2003,2000s,Alternative / Rock,international,,no
Linkin Park,Breaking the Habit,2003,2000s,Alternative / Rock,international,,no
Linkin Park,What I've Done,2007,2000s,Alternative / Rock,international,,no
The White Stripes,Seven Nation Army,2003,2000s,Alternative / Rock,international,,no
The White Stripes,Icky Thump,2007,2000s,Alternative / Rock,international,,no
The Killers,Mr. Brightside,2003,2000s,Alternative,international,,no
The Killers,Somebody Told Me,2004,2000s,Alternative,international,,no
The Killers,When You Were Young,2006,2000s,Alternative,international,,no
The Killers,Human,2008,2000s,Alternative,international,,no
Arctic Monkeys,I Bet You Look Good on the Dancefloor,2005,2000s,Alternative,international,,no
Arctic Monkeys,When the Sun Goes Down,2006,2000s,Alternative,international,,no
Franz Ferdinand,Take Me Out,2004,2000s,Alternative,international,,no
Kings of Leon,Sex on Fire,2008,2000s,Alternative / Rock,international,,no
Kings of Leon,Use Somebody,2008,2000s,Alternative / Rock,international,,no
Muse,Time Is Running Out,2003,2000s,Alternative / Rock,international,,no
Muse,Hysteria,2003,2000s,Alternative / Rock,international,,no
Muse,Supermassive Black Hole,2006,2000s,Alternative / Rock,international,,no
Foo Fighters,Best of You,2005,2000s,Alternative / Rock,international,,no
Foo Fighters,The Pretender,2007,2000s,Alternative / Rock,international,,no
Nickelback,How You Remind Me,2001,2000s,Rock,international,,no
Nickelback,Photograph,2005,2000s,Rock,international,,no
System of a Down,Chop Suey!,2001,2000s,Rock,international,,no
System of a Down,Toxicity,2001,2000s,Rock,international,,no
Evanescence,Bring Me to Life,2003,2000s,Rock,international,,no
Evanescence,My Immortal,2003,2000s,Rock,international,,no
The Darkness,I Believe in a Thing Called Love,2003,2000s,Rock,international,,no
Snow Patrol,Chasing Cars,2006,2000s,Alternative,international,,no
Keane,Somewhere Only We Know,2004,2000s,Alternative,international,,no
Keane,Everybody's Changing,2004,2000s,Alternative,international,,no
The Script,The Man Who Can't Be Moved,2008,2000s,Pop / Rock,international,,no
OneRepublic,Apologize,2007,2000s,Pop / Rock,international,,no
OneRepublic,Stop and Stare,2007,2000s,Pop / Rock,international,,no
Maroon 5,This Love,2002,2000s,Pop / Rock,international,,no
Maroon 5,She Will Be Loved,2002,2000s,Pop / Rock,international,,no
Maroon 5,Makes Me Wonder,2007,2000s,Pop / Rock,international,,no
Train,Drops of Jupiter,2001,2000s,Pop / Rock,international,,no
The Calling,Wherever You Will Go,2001,2000s,Pop / Rock,international,,no
Hoobastank,The Reason,2003,2000s,Pop / Rock,international,,no
3 Doors Down,Here Without You,2002,2000s,Rock,international,,no
The Strokes,Last Nite,2001,2000s,Alternative,international,,no
The Strokes,Reptilia,2003,2000s,Alternative,international,,no
The Hives,Hate to Say I Told You So,2000,2000s,Alternative,international,,no
Gorillaz,Clint Eastwood,2001,2000s,Alternative / Hip-hop,international,,no
Gorillaz,Feel Good Inc.,2005,2000s,Alternative / Hip-hop,international,,no
Gnarls Barkley,Crazy,2006,2000s,Soul / Pop,international,,no
MGMT,Kids,2007,2000s,Alternative,international,,no
MGMT,Electric Feel,2007,2000s,Alternative,international,,no
Empire of the Sun,Walking on a Dream,2008,2000s,Electronic / Pop,international,,no
Daft Punk,One More Time,2000,2000s,Electronic,international,,no
Daft Punk,"Harder, Better, Faster, Stronger",2001,2000s,Electronic,international,,no
Daft Punk,Technologic,2005,2000s,Electronic,international,,no
Eric Prydz,Call on Me,2004,2000s,Dance,international,,no
Benny Benassi,Satisfaction,2002,2000s,Dance,international,,no
Fedde Le Grand,Put Your Hands Up for Detroit,2006,2000s,Dance,international,,no
David Guetta,Love Don't Let Me Go,2002,2000s,Dance,international,,no
David Guetta,Love Is Gone,2007,2000s,Dance,international,,no
David Guetta,When Love Takes Over,2009,2000s,Dance,international,,no
Calvin Harris,Acceptable in the 80s,2007,2000s,Dance,international,,no
Calvin Harris,I'm Not Alone,2009,2000s,Dance,international,,no
Cascada,Everytime We Touch,2005,2000s,Dance,international,,no
Basshunter,Now You're Gone,2006,2000s,Dance,international,,no
September,Cry for You,2005,2000s,Dance,international,,no
Guru Josh Project,Infinity 2008,2008,2000s,Dance,international,,no
Edward Maya & Vika Jigulina,Stereo Love,2009,2000s,Dance,international,,no
INNA,Hot,2008,2000s,Dance,international,,no
Yolanda Be Cool & DCUP,We No Speak Americano,2009,2000s,Dance,international,,no
Pitbull,I Know You Want Me (Calle Ocho),2009,2000s,Hip-hop / Pop,international,,no
Sean Paul,Get Busy,2002,2000s,Dancehall / Pop,international,,no
Sean Paul,Temperature,2005,2000s,Dancehall / Pop,international,,no
Enrique Iglesias,Hero,2001,2000s,Pop,international,,no
Enrique Iglesias,Escape,2001,2000s,Pop,international,,no
Enrique Iglesias,I Like It,2010,2010s,Pop,international,,no
Juanes,A Dios le Pido,2002,2000s,Latin Pop,international,,no
Juanes,La Camisa Negra,2004,2000s,Latin Pop,international,,no
Las Ketchup,The Ketchup Song (Aserejé),2002,2000s,Latin Pop,international,,no
Shaggy,It Wasn't Me,2000,2000s,Reggae / Pop,international,,no
Shaggy,Angel,2000,2000s,Reggae / Pop,international,,no
Mika,Grace Kelly,2006,2000s,Pop,international,,no
Mika,"Relax, Take It Easy",2006,2000s,Pop,international,,no
Paolo Nutini,New Shoes,2006,2000s,Pop,international,,no
Jason Derulo,Whatcha Say,2009,2000s,Pop / R&B,international,,no
Iyaz,Replay,2009,2000s,Pop / R&B,international,,no
Owl City,Fireflies,2009,2000s,Electronic / Pop,international,,no
La Roux,Bulletproof,2009,2000s,Electronic / Pop,international,,no
Adele,Rolling in the Deep,2010,2010s,Pop,international,,no
Adele,Someone Like You,2011,2010s,Pop,international,,no
Adele,Set Fire to the Rain,2011,2010s,Pop,international,,no
Adele,Hello,2015,2010s,Pop,international,,no
Adele,Send My Love (To Your New Lover),2015,2010s,Pop,international,,no
Bruno Mars,Just the Way You Are,2010,2010s,Pop,international,,no
Bruno Mars,Grenade,2010,2010s,Pop,international,,no
Bruno Mars,The Lazy Song,2010,2010s,Pop,international,,no
Bruno Mars,Locked Out of Heaven,2012,2010s,Pop,international,,no
Bruno Mars,When I Was Your Man,2012,2010s,Pop,international,,no
Bruno Mars,Treasure,2012,2010s,Pop,international,,no
Mark Ronson feat. Bruno Mars,Uptown Funk,2014,2010s,Pop / Funk,international,,no
Lady Gaga,Born This Way,2011,2010s,Pop,international,,no
Lady Gaga,The Edge of Glory,2011,2010s,Pop,international,,no
Lady Gaga,Applause,2013,2010s,Pop,international,,no
Lady Gaga,Shallow,2018,2010s,Pop,international,,no
Katy Perry,California Gurls,2010,2010s,Pop,international,,no
Katy Perry,Teenage Dream,2010,2010s,Pop,international,,no
Katy Perry,Firework,2010,2010s,Pop,international,,no
Katy Perry,Last Friday Night (T.G.I.F.),2010,2010s,Pop,international,,no
Katy Perry,Roar,2013,2010s,Pop,international,,no
Katy Perry,Dark Horse,2013,2010s,Pop,international,,no
Rihanna,Only Girl (In the World),2010,2010s,Pop,international,,no
Rihanna,What's My Name?,2010,2010s,Pop,international,,no
Rihanna,We Found Love,2011,2010s,Pop,international,,no
Rihanna,Diamonds,2012,2010s,Pop,international,,no
Rihanna,Stay,2012,2010s,Pop,international,,no
Rihanna,Work,2016,2010s,Pop / R&B,international,,no
Beyoncé,Run the World (Girls),2011,2010s,Pop / R&B,international,,no
Beyoncé,Love on Top,2011,2010s,Pop / R&B,international,,no
Beyoncé,Drunk in Love,2013,2010s,Pop / R&B,international,,no
Taylor Swift,Mine,2010,2010s,Pop / Country,international,,no
Taylor Swift,We Are Never Ever Getting Back Together,2012,2010s,Pop,international,,no
Taylor Swift,I Knew You Were Trouble,2012,2010s,Pop,international,,no
Taylor Swift,Shake It Off,2014,2010s,Pop,international,,no
Taylor Swift,Blank Space,2014,2010s,Pop,international,,no
Taylor Swift,Style,2014,2010s,Pop,international,,no
Taylor Swift,Wildest Dreams,2014,2010s,Pop,international,,no
Taylor Swift,Look What You Made Me Do,2017,2010s,Pop,international,,no
Taylor Swift,Delicate,2017,2010s,Pop,international,,no
Miley Cyrus,We Can't Stop,2013,2010s,Pop,international,,no
Miley Cyrus,Wrecking Ball,2013,2010s,Pop,international,,no
Miley Cyrus,Malibu,2017,2010s,Pop,international,,no
Selena Gomez,Come & Get It,2013,2010s,Pop,international,,no
Selena Gomez,Good for You,2015,2010s,Pop,international,,no
Selena Gomez,Hands to Myself,2015,2010s,Pop,international,,no
Selena Gomez,Lose You to Love Me,2019,2010s,Pop,international,,no
Demi Lovato,Skyscraper,2011,2010s,Pop,international,,no
Demi Lovato,Heart Attack,2013,2010s,Pop,international,,no
Demi Lovato,Sorry Not Sorry,2017,2010s,Pop,international,,no
Ariana Grande,The Way,2013,2010s,Pop,international,,no
Ariana Grande,Problem,2014,2010s,Pop,international,,no
Ariana Grande,Break Free,2014,2010s,Pop,international,,no
Ariana Grande,Into You,2016,2010s,Pop,international,,no
Ariana Grande,No Tears Left to Cry,2018,2010s,Pop,international,,no
Ariana Grande,"Thank U, Next",2018,2010s,Pop,international,,no
Ariana Grande,7 Rings,2019,2010s,Pop,international,,no
Justin Bieber,Baby,2010,2010s,Pop,international,,no
Justin Bieber,Boyfriend,2012,2010s,Pop,international,,no
Justin Bieber,Sorry,2015,2010s,Pop,international,,no
Justin Bieber,Love Yourself,2015,2010s,Pop,international,,no
Justin Bieber,What Do You Mean?,2015,2010s,Pop,international,,no
Justin Timberlake,Mirrors,2013,2010s,Pop,international,,no
Justin Timberlake,Can't Stop the Feeling!,2016,2010s,Pop,international,,no
Ed Sheeran,The A Team,2011,2010s,Pop,international,,no
Ed Sheeran,Sing,2014,2010s,Pop,international,,no
Ed Sheeran,Thinking Out Loud,2014,2010s,Pop,international,,no
Ed Sheeran,Photograph,2014,2010s,Pop,international,,no
Ed Sheeran,Shape of You,2017,2010s,Pop,international,,no
Ed Sheeran,Castle on the Hill,2017,2010s,Pop,international,,no
Ed Sheeran,Perfect,2017,2010s,Pop,international,,no
Sam Smith,Stay with Me,2014,2010s,Pop,international,,no
Sam Smith,I'm Not the Only One,2014,2010s,Pop,international,,no
Sam Smith,Too Good at Goodbyes,2017,2010s,Pop,international,,no
Sia,Chandelier,2014,2010s,Pop,international,,no
Sia,Elastic Heart,2014,2010s,Pop,international,,no
Sia,Cheap Thrills,2016,2010s,Pop,international,,no
Lorde,Royals,2013,2010s,Alternative / Pop,international,,no
Lorde,Team,2013,2010s,Alternative / Pop,international,,no
Lana Del Rey,Video Games,2011,2010s,Alternative / Pop,international,,no
Lana Del Rey,Summertime Sadness,2012,2010s,Alternative / Pop,international,,no
Lana Del Rey,Young and Beautiful,2013,2010s,Alternative / Pop,international,,no
Billie Eilish,Ocean Eyes,2016,2010s,Alternative / Pop,international,,no
Billie Eilish,Bad Guy,2019,2010s,Alternative / Pop,international,,no
Billie Eilish,Bury a Friend,2019,2010s,Alternative / Pop,international,,no
The Weeknd,Can't Feel My Face,2015,2010s,Pop / R&B,international,,no
The Weeknd,The Hills,2015,2010s,Pop / R&B,international,,no
The Weeknd,Starboy,2016,2010s,Pop / R&B,international,,no
The Weeknd,I Feel It Coming,2016,2010s,Pop / R&B,international,,no
Dua Lipa,Be the One,2015,2010s,Pop,international,,no
Dua Lipa,New Rules,2017,2010s,Pop,international,,no
Dua Lipa,IDGAF,2017,2010s,Pop,international,,no
Dua Lipa,Don't Start Now,2019,2010s,Pop,international,,no
Camila Cabello,Havana,2017,2010s,Pop,international,,no
Camila Cabello,Never Be the Same,2017,2010s,Pop,international,,no
Shawn Mendes,Stitches,2015,2010s,Pop,international,,no
Shawn Mendes,Treat You Better,2016,2010s,Pop,international,,no
Shawn Mendes,There's Nothing Holdin' Me Back,2017,2010s,Pop,international,,no
Shawn Mendes & Camila Cabello,Señorita,2019,2010s,Pop,international,,no
Meghan Trainor,All About That Bass,2014,2010s,Pop,international,,no
Meghan Trainor,Lips Are Movin,2014,2010s,Pop,international,,no
Carly Rae Jepsen,Call Me Maybe,2011,2010s,Pop,international,,no
Carly Rae Jepsen,I Really Like You,2015,2010s,Pop,international,,no
Kesha,Tik Tok,2009,2000s,Pop,international,,no
Kesha,We R Who We R,2010,2010s,Pop,international,,no
Kesha,Die Young,2012,2010s,Pop,international,,no
Nicki Minaj,Super Bass,2010,2010s,Hip-hop / Pop,international,,no
Nicki Minaj,Starships,2012,2010s,Hip-hop / Pop,international,,no
Nicki Minaj,Anaconda,2014,2010s,Hip-hop,international,,no
Iggy Azalea,Fancy,2014,2010s,Hip-hop / Pop,international,,no
Macklemore & Ryan Lewis,Thrift Shop,2012,2010s,Hip-hop,international,,no
Macklemore & Ryan Lewis,Can't Hold Us,2011,2010s,Hip-hop,international,,no
Drake,Hotline Bling,2015,2010s,Hip-hop / R&B,international,,no
Drake,One Dance,2016,2010s,Hip-hop / R&B,international,,no
Drake,God's Plan,2018,2010s,Hip-hop,international,,no
Post Malone,Congratulations,2016,2010s,Hip-hop / Pop,international,,no
Post Malone,Rockstar,2017,2010s,Hip-hop / Pop,international,,no
Post Malone,Circles,2019,2010s,Pop,international,,no
Cardi B,Bodak Yellow,2017,2010s,Hip-hop,international,,no
"Cardi B, Bad Bunny & J Balvin",I Like It,2018,2010s,Hip-hop / Latin,international,,no
Lil Nas X,Old Town Road,2018,2010s,Hip-hop / Country,international,,no
Lizzo,Truth Hurts,2017,2010s,Pop / R&B,international,,no
Lizzo,Good as Hell,2016,2010s,Pop / R&B,international,,no
Pharrell Williams,Happy,2013,2010s,Pop,international,,no
Robin Thicke,Blurred Lines,2013,2010s,Pop / R&B,international,,no
Gotye feat. Kimbra,Somebody That I Used to Know,2011,2010s,Alternative / Pop,international,,no
fun.,We Are Young,2011,2010s,Pop / Rock,international,,no
fun.,Some Nights,2012,2010s,Pop / Rock,international,,no
Imagine Dragons,It's Time,2012,2010s,Alternative / Rock,international,,no
Imagine Dragons,Radioactive,2012,2010s,Alternative / Rock,international,,no
Imagine Dragons,Demons,2012,2010s,Alternative / Rock,international,,no
Imagine Dragons,Believer,2017,2010s,Alternative / Rock,international,,no
Imagine Dragons,Thunder,2017,2010s,Alternative / Rock,international,,no
OneRepublic,Counting Stars,2013,2010s,Pop / Rock,international,,no
OneRepublic,Love Runs Out,2014,2010s,Pop / Rock,international,,no
Maroon 5,Moves Like Jagger,2011,2010s,Pop,international,,no
Maroon 5,Payphone,2012,2010s,Pop,international,,no
Maroon 5,Sugar,2014,2010s,Pop,international,,no
Maroon 5,Girls Like You,2017,2010s,Pop,international,,no
Coldplay,Paradise,2011,2010s,Alternative / Pop,international,,no
Coldplay,Every Teardrop Is a Waterfall,2011,2010s,Alternative / Pop,international,,no
Coldplay,A Sky Full of Stars,2014,2010s,Alternative / Pop,international,,no
Coldplay,Adventure of a Lifetime,2015,2010s,Alternative / Pop,international,,no
Coldplay,Hymn for the Weekend,2015,2010s,Alternative / Pop,international,,no
Arctic Monkeys,Do I Wanna Know?,2013,2010s,Alternative / Rock,international,,no
Arctic Monkeys,R U Mine?,2012,2010s,Alternative / Rock,international,,no
The Black Keys,Lonely Boy,2011,2010s,Alternative / Rock,international,,no
The Black Keys,Gold on the Ceiling,2011,2010s,Alternative / Rock,international,,no
Foster the People,Pumped Up Kicks,2010,2010s,Alternative,international,,no
Walk the Moon,Shut Up and Dance,2014,2010s,Alternative / Pop,international,,no
Twenty One Pilots,Stressed Out,2015,2010s,Alternative,international,,no
Twenty One Pilots,Ride,2015,2010s,Alternative,international,,no
Panic! at the Disco,High Hopes,2018,2010s,Alternative / Pop,international,,no
Portugal. The Man,Feel It Still,2017,2010s,Alternative,international,,no
Mumford & Sons,Little Lion Man,2009,2000s,Folk / Rock,international,,no
Mumford & Sons,I Will Wait,2012,2010s,Folk / Rock,international,,no
Of Monsters and Men,Little Talks,2011,2010s,Folk / Pop,international,,no
Passenger,Let Her Go,2012,2010s,Folk / Pop,international,,no
Hozier,Take Me to Church,2013,2010s,Alternative,international,,no
George Ezra,Shotgun,2018,2010s,Pop,international,,no
Vance Joy,Riptide,2013,2010s,Folk / Pop,international,,no
Avicii,Levels,2011,2010s,Dance,international,,no
Avicii,Wake Me Up,2013,2010s,Dance,international,,no
Avicii,Hey Brother,2013,2010s,Dance,international,,no
David Guetta,Titanium,2011,2010s,Dance,international,,no
David Guetta,Without You,2011,2010s,Dance,international,,no
David Guetta,Play Hard,2013,2010s,Dance,international,,no
Calvin Harris,Feel So Close,2011,2010s,Dance,international,,no
Calvin Harris,Summer,2014,2010s,Dance,international,,no
Calvin Harris,How Deep Is Your Love,2015,2010s,Dance,international,,no
Calvin Harris,This Is What You Came For,2016,2010s,Dance,international,,no
Calvin Harris & Dua Lipa,One Kiss,2018,2010s,Dance,international,,no
Swedish House Mafia,One (Your Name),2010,2010s,Dance,international,,no
Swedish House Mafia,Save the World,2011,2010s,Dance,international,,no
Swedish House Mafia,Don't You Worry Child,2012,2010s,Dance,international,,no
Martin Garrix,Animals,2013,2010s,Dance,international,,no
Zedd,Clarity,2012,2010s,Dance,international,,no
Zedd,Stay,2017,2010s,Dance,international,,no
Major Lazer,Lean On,2015,2010s,Dance,international,,no
DJ Snake,Turn Down for What,2013,2010s,Dance,international,,no
DJ Snake,Let Me Love You,2016,2010s,Dance,international,,no
Clean Bandit,Rather Be,2014,2010s,Dance / Pop,international,,no
Clean Bandit,Rockabye,2016,2010s,Dance / Pop,international,,no
Kygo,Firestone,2014,2010s,Dance,international,,no
Kygo,Stole the Show,2015,2010s,Dance,international,,no
The Chainsmokers,Closer,2016,2010s,Dance / Pop,international,,no
The Chainsmokers,Something Just Like This,2017,2010s,Dance / Pop,international,,no
Alan Walker,Faded,2015,2010s,Dance,international,,no
Marshmello,Happier,2018,2010s,Dance / Pop,international,,no
LMFAO,Party Rock Anthem,2011,2010s,Dance,international,,no
LMFAO,Sexy and I Know It,2011,2010s,Dance,international,,no
Flo Rida,Good Feeling,2011,2010s,Hip-hop / Pop,international,,no
Flo Rida,Whistle,2012,2010s,Hip-hop / Pop,international,,no
Pitbull,Give Me Everything,2011,2010s,Hip-hop / Pop,international,,no
Pitbull,Timber,2013,2010s,Hip-hop / Pop,international,,no
Taio Cruz,Dynamite,2010,2010s,Pop,international,,no
Jason Derulo,In My Head,2009,2000s,Pop / R&B,international,,no
Jason Derulo,Talk Dirty,2013,2010s,Pop / R&B,international,,no
Jason Derulo,Want to Want Me,2015,2010s,Pop,international,,no
Luis Fonsi feat. Daddy Yankee,Despacito,2017,2010s,Latin Pop,international,,no
J Balvin & Willy William,Mi Gente,2017,2010s,Latin Pop,international,,no
Daddy Yankee,Dura,2018,2010s,Latin Pop,international,,no
Enrique Iglesias,Bailando,2014,2010s,Latin Pop,international,,no
Shakira,Waka Waka (This Time for Africa),2010,2010s,Pop,international,,no
Shakira,Can't Remember to Forget You,2014,2010s,Pop,international,,no
PSY,Gangnam Style,2012,2010s,Pop / Dance,international,,no
PSY,Gentleman,2013,2010s,Pop / Dance,international,,no
Bastille,Pompeii,2013,2010s,Alternative / Pop,international,,no
The Lumineers,Ho Hey,2012,2010s,Folk / Pop,international,,no
M83,Midnight City,2011,2010s,Electronic,international,,no
Disclosure,Latch,2012,2010s,Electronic / Dance,international,,no
Duke Dumont,I Got U,2014,2010s,Dance,international,,no
Route 94,My Love,2014,2010s,Dance,international,,no
Robin Schulz,Prayer in C,2014,2010s,Dance,international,,no
Felix Jaehn,Ain't Nobody (Loves Me Better),2015,2010s,Dance,international,,no
Lost Frequencies,Are You with Me,2014,2010s,Dance,international,,no
Sigala,Easy Love,2015,2010s,Dance,international,,no
Jonas Blue,Fast Car,2015,2010s,Dance,international,,no
Mike Posner,I Took a Pill in Ibiza (Seeb Remix),2015,2010s,Dance,international,,no
Rag'n'Bone Man,Human,2016,2010s,Soul / Pop,international,,no
James Bay,Hold Back the River,2014,2010s,Pop / Rock,international,,no
Tom Odell,Another Love,2012,2010s,Pop,international,,no
Lewis Capaldi,Someone You Loved,2018,2010s,Pop,international,,no
Tones and I,Dance Monkey,2019,2010s,Pop,international,,no
The Weeknd,Blinding Lights,2019,2010s,Pop,international,,no
The Weeknd,Save Your Tears,2020,2020s,Pop,international,,no
The Weeknd,Take My Breath,2021,2020s,Pop,international,,no
Dua Lipa,Physical,2020,2020s,Pop,international,,no
Dua Lipa,Levitating,2020,2020s,Pop,international,,no
Dua Lipa,Break My Heart,2020,2020s,Pop,international,,no
Dua Lipa,Houdini,2023,2020s,Pop,international,,no
Dua Lipa,Training Season,2024,2020s,Pop,international,,no
Miley Cyrus,Midnight Sky,2020,2020s,Pop,international,,no
Miley Cyrus,Flowers,2023,2020s,Pop,international,,no
Miley Cyrus,Used to Be Young,2023,2020s,Pop,international,,no
Taylor Swift,Cardigan,2020,2020s,Pop,international,,no
Taylor Swift,Willow,2020,2020s,Pop,international,,no
Taylor Swift,Anti-Hero,2022,2020s,Pop,international,,no
Taylor Swift,Cruel Summer,2019,2010s,Pop,international,,no
Taylor Swift,Fortnight,2024,2020s,Pop,international,,no
Billie Eilish,Therefore I Am,2020,2020s,Alternative / Pop,international,,no
Billie Eilish,Happier Than Ever,2021,2020s,Alternative / Pop,international,,no
Billie Eilish,Birds of a Feather,2024,2020s,Alternative / Pop,international,,no
Olivia Rodrigo,Drivers License,2021,2020s,Pop,international,,no
Olivia Rodrigo,Good 4 U,2021,2020s,Pop / Rock,international,,no
Olivia Rodrigo,Vampire,2023,2020s,Pop,international,,no
Olivia Rodrigo,Bad Idea Right?,2023,2020s,Pop / Rock,international,,no
Sabrina Carpenter,Espresso,2024,2020s,Pop,international,,no
Sabrina Carpenter,Please Please Please,2024,2020s,Pop,international,,no
Harry Styles,Watermelon Sugar,2019,2010s,Pop,international,,no
Harry Styles,Adore You,2019,2010s,Pop,international,,no
Harry Styles,As It Was,2022,2020s,Pop,international,,no
Doja Cat,Say So,2019,2010s,Pop / R&B,international,,no
Doja Cat,Kiss Me More,2021,2020s,Pop / R&B,international,,no
Doja Cat,Paint the Town Red,2023,2020s,Hip-hop / Pop,international,,no
Lizzo,About Damn Time,2022,2020s,Pop,international,,no
Beyoncé,Break My Soul,2022,2020s,Pop / Dance,international,,no
Beyoncé,Texas Hold 'Em,2024,2020s,Country / Pop,international,,no
Lady Gaga,Rain on Me,2020,2020s,Pop,international,,no
Lady Gaga,Abracadabra,2025,2020s,Pop,international,,no
Ariana Grande,Positions,2020,2020s,Pop,international,,no
Ariana Grande,"Yes, And?",2024,2020s,Pop,international,,no
Ariana Grande,We Can't Be Friends (Wait for Your Love),2024,2020s,Pop,international,,no
Justin Bieber,Peaches,2021,2020s,Pop / R&B,international,,no
Justin Bieber,Ghost,2021,2020s,Pop,international,,no
Ed Sheeran,Bad Habits,2021,2020s,Pop,international,,no
Ed Sheeran,Shivers,2021,2020s,Pop,international,,no
Sam Smith & Kim Petras,Unholy,2022,2020s,Pop,international,,no
SZA,Kill Bill,2022,2020s,R&B,international,,no
SZA,Good Days,2020,2020s,R&B,international,,no
Harry Styles,Late Night Talking,2022,2020s,Pop,international,,no
Tate McRae,Greedy,2023,2020s,Pop,international,,no
Tate McRae,Sports Car,2025,2020s,Pop,international,,no
Chappell Roan,"Good Luck, Babe!",2024,2020s,Pop,international,,no
Chappell Roan,Pink Pony Club,2020,2020s,Pop,international,,no
Benson Boone,Beautiful Things,2024,2020s,Pop,international,,no
Teddy Swims,Lose Control,2023,2020s,Pop / Soul,international,,no
Hozier,Too Sweet,2024,2020s,Alternative / Pop,international,,no
Noah Kahan,Stick Season,2022,2020s,Folk / Pop,international,,no
Måneskin,Beggin',2017,2010s,Rock,international,,no
Måneskin,I Wanna Be Your Slave,2021,2020s,Rock,international,,no
Måneskin,The Loneliest,2022,2020s,Rock,international,,no
Glass Animals,Heat Waves,2020,2020s,Alternative / Pop,international,,no
Imagine Dragons,Bones,2022,2020s,Alternative / Rock,international,,no
Imagine Dragons,Enemy,2021,2020s,Alternative / Rock,international,,no
Coldplay,Higher Power,2021,2020s,Pop / Rock,international,,no
Coldplay & BTS,My Universe,2021,2020s,Pop,international,,no
BTS,Dynamite,2020,2020s,Pop,international,,no
BTS,Butter,2021,2020s,Pop,international,,no
BLACKPINK,How You Like That,2020,2020s,Pop,international,,no
BLACKPINK,Pink Venom,2022,2020s,Pop,international,,no
Jung Kook,Seven,2023,2020s,Pop,international,,no
Jung Kook,Standing Next to You,2023,2020s,Pop,international,,no
LISA,Money,2021,2020s,Pop / Hip-hop,international,,no
Rema,Calm Down,2022,2020s,Afrobeats / Pop,international,,no
Tyla,Water,2023,2020s,Afrobeats / Pop,international,,no
Wizkid,Essence,2020,2020s,Afrobeats / R&B,international,,no
Burna Boy,Last Last,2022,2020s,Afrobeats,international,,no
Bad Bunny,Tití Me Preguntó,2022,2020s,Latin / Hip-hop,international,,no
Bad Bunny,Moscow Mule,2022,2020s,Latin / Hip-hop,international,,no
Karol G,Provenza,2022,2020s,Latin Pop,international,,no
Karol G & Shakira,TQG,2023,2020s,Latin Pop,international,,no
Shakira,"BZRP Music Sessions, Vol. 53",2023,2020s,Latin Pop,international,,no
Feid & Young Miko,Classy 101,2023,2020s,Latin Pop,international,,no
Myke Towers,Lala,2023,2020s,Latin Pop,international,,no
David Guetta & Bebe Rexha,I'm Good (Blue),2022,2020s,Dance,international,,no
Calvin Harris & Ellie Goulding,Miracle,2023,2020s,Dance,international,,no
Peggy Gou,(It Goes Like) Nanana,2023,2020s,Dance,international,,no
Tiësto,The Business,2020,2020s,Dance,international,,no
Elton John & Dua Lipa,Cold Heart (PNAU Remix),2021,2020s,Dance / Pop,international,,no
Joel Corry,Head & Heart,2020,2020s,Dance,international,,no
Topic & A7S,Breaking Me,2019,2010s,Dance,international,,no
Purple Disco Machine & Sophie and the Giants,Hypnotized,2020,2020s,Dance,international,,no
Lost Frequencies & Calum Scott,Where Are You Now,2021,2020s,Dance,international,,no
David Guetta & OneRepublic,I Don't Wanna Wait,2024,2020s,Dance,international,,no
Post Malone,Chemical,2023,2020s,Pop,international,,no
Post Malone & Morgan Wallen,I Had Some Help,2024,2020s,Country / Pop,international,,no
Morgan Wallen,Last Night,2023,2020s,Country,international,,no
Luke Combs,Fast Car,2023,2020s,Country,international,,no
Shaboozey,A Bar Song (Tipsy),2024,2020s,Country / Pop,international,,no
Jack Harlow,First Class,2022,2020s,Hip-hop,international,,no
Jack Harlow,Lovin on Me,2023,2020s,Hip-hop,international,,no
Lil Nas X,Montero (Call Me by Your Name),2021,2020s,Hip-hop / Pop,international,,no
Lil Nas X,Industry Baby,2021,2020s,Hip-hop,international,,no
Megan Thee Stallion,Savage,2020,2020s,Hip-hop,international,,no
Cardi B,Up,2021,2020s,Hip-hop,international,,no
Kendrick Lamar,Not Like Us,2024,2020s,Hip-hop,international,,no
Central Cee,Doja,2022,2020s,Hip-hop,international,,no
Tom Grennan,Little Bit of Love,2021,2020s,Pop,international,,no
Dermot Kennedy,Giants,2020,2020s,Pop,international,,no
Lewis Capaldi,Forget Me,2022,2020s,Pop,international,,no
OneRepublic,I Ain't Worried,2022,2020s,Pop,international,,no
Nicky Youre & dazy,Sunroof,2021,2020s,Pop,international,,no
Gayle,abcdefu,2021,2020s,Pop,international,,no
JVKE,Golden Hour,2022,2020s,Pop,international,,no
Stephen Sanchez,Until I Found You,2021,2020s,Pop,international,,no
David Kushner,Daylight,2023,2020s,Pop,international,,no
Myles Smith,Stargazing,2024,2020s,Pop,international,,no
Szécsi Pál,Csak egy tánc volt,1967,1960s,Pop,hu,,no
Zalatnay Sarolta,Tölcsért csinálok a kezemből,1969,1960s,Pop,hu,,no
Omega,Régi csibészek,1969,1960s,Rock,hu,,no
Ihász Gábor,Múlnak a gyermekévek,1977,1970s,Pop,hu,,no
Kovács Kati,Nem leszek a játékszered,1966,1960s,Pop,hu,,no
Wolf Kati,Vuk,1982,1980s,Pop,hu,,no
Máté Péter,Egy darabot a szívemből,1979,1970s,Pop,hu,,no
Koós János,Kislány a zongoránál,1968,1960s,Pop,hu,,no
Soltész Rezső,Szóljon hangosan az ének,1981,1980s,Pop,hu,,no
Fonográf,Az első villamos,1974,1970s,Rock / Pop,hu,,no
Omega,Ha én szél lehetnék,1968,1960s,Rock,hu,,no
Neoton együttes,"Kell, hogy várj",1969,1960s,Pop,hu,,no
Omega,Gyöngyhajú lány,1969,1960s,Rock,hu,,no
Neoton Família,Holnap hajnalig,1983,1980s,Pop,hu,,no
Cserháti Zsuzsa,"Kicsi, gyere velem rózsát szedni",1973,1970s,Pop,hu,,no
Szécsi Pál,Egy szál harangvirág,1970,1970s,Pop,hu,,no
Metro,Kócos ördögök,1970,1970s,Rock,hu,,no
Illés,Az utcán,1966,1960s,Rock,hu,,no
Kovács Kati,Most kéne abbahagyni,1970,1970s,Pop,hu,,no
Hofi Géza,Próbálj meg lazítani,1978,1970s,Pop,hu,,no
Zorán,Apám hitte,1977,1970s,Pop,hu,,no
Sprint,Postakocsi,1976,1970s,Rock / Pop,hu,,no
Vámosi János,Járom az utam,1961,1960s,Pop,hu,,no
Vámosi János,Csinibaba,1958,1950s,Pop,hu,,no
Fonográf,Levél a távolból,1976,1970s,Rock / Pop,hu,,no
Bergendy,Darabokra törted a szívem,1972,1970s,Pop / Rock,hu,,no
Magna Cum Laude,Vidéki sanzon,2005,2000s,Pop / Rock,hu,,no
Delhusa Gjon,Nika se perimeno,1979,1970s,Pop,hu,,no
Illés,Táskarádió,1965,1960s,Rock,hu,,no
Illés,"Miért hagytuk, hogy így legyen",1969,1960s,Rock,hu,,no
Illés,Ne gondold,1966,1960s,Rock,hu,,no
Illés,Sárga rózsa,1968,1960s,Rock,hu,,no
Illés,Amikor én még kissrác voltam,1968,1960s,Rock,hu,,no
Omega,Petróleumlámpa,1969,1960s,Rock,hu,,no
Omega,Tízezer lépés,1969,1960s,Rock,hu,,no
Omega,Ballada a fegyverkovács fiáról,1970,1970s,Rock,hu,,no
Omega,Gammapolis,1978,1970s,Rock,hu,,no
Koncz Zsuzsa,Valahol egy lány,1972,1970s,Pop,hu,,no
Koncz Zsuzsa,Ha én rózsa volnék,1973,1970s,Pop,hu,,no
Koncz Zsuzsa,Kertész leszek,1975,1970s,Pop,hu,,no
Koncz Zsuzsa,Mama kérlek,1978,1970s,Pop,hu,,no
Zalatnay Sarolta,Hosszú forró nyár,1974,1970s,Pop,hu,,no
Zalatnay Sarolta,Nem várok holnapig,1967,1960s,Pop,hu,,no
Kovács Kati,Ha legközelebb látlak,1977,1970s,Pop,hu,,no
Kovács Kati,Úgy szeretném meghálálni,1979,1970s,Pop,hu,,no
Máté Péter,Azért vannak a jó barátok,1976,1970s,Pop,hu,,no
Máté Péter,Most élsz,1972,1970s,Pop,hu,,no
Máté Péter,Egyszer véget ér,1978,1970s,Pop,hu,,no
Cserháti Zsuzsa,"Boldogság, gyere haza",1979,1970s,Pop,hu,,no
Cserháti Zsuzsa,"Akad, amit nem gyógyít meg az idő sem",1981,1980s,Pop,hu,,no
Katona Klári,Titkaim,1981,1980s,Pop,hu,,no
Katona Klári,Most múlik pontosan,2008,2000s,Pop,hu,,no
Szűcs Judit,Táncolj még,1978,1970s,Disco / Pop,hu,,no
Szűcs Judit,Ha táncolsz velem,1980,1980s,Disco / Pop,hu,,no
Neoton Família,Santa Maria,1979,1970s,Pop / Disco,hu,,no
Neoton Família,Don Quijote,1980,1980s,Pop / Disco,hu,,no
Neoton Família,Kétszázhúsz felett,1981,1980s,Pop / Disco,hu,,no
Neoton Família,Pago Pago,1983,1980s,Pop / Disco,hu,,no
Neoton Família,Nyár van,1984,1980s,Pop,hu,,no
Hungária,Csókkirály,1980,1980s,Rock & Roll / Pop,hu,,no
Hungária,Hotel Menthol,1981,1980s,Rock & Roll / Pop,hu,,no
Hungária,Micsoda buli,1981,1980s,Rock & Roll / Pop,hu,,no
Hungária,Limbó hintó,1981,1980s,Rock & Roll / Pop,hu,,no
Fenyő Miklós,Made in Hungaria,1996,1990s,Rock & Roll / Pop,hu,,no
KFT,Afrika,1984,1980s,Pop / Rock,hu,,no
KFT,Bábu vagy,1981,1980s,Pop / Rock,hu,,no
KFT,Balatoni nyár,1986,1980s,Pop / Rock,hu,,no
EDDA Művek,Kölyköd voltam,1980,1980s,Rock,hu,,no
EDDA Művek,Álmodtam egy világot,1980,1980s,Rock,hu,,no
EDDA Művek,A kör,1985,1980s,Rock,hu,,no
EDDA Művek,Éjjel érkezem,1986,1980s,Rock,hu,,no
Bikini,Mielőtt elmegyek,1985,1980s,Rock,hu,,no
Bikini,Közeli helyeken,1989,1980s,Rock,hu,,no
Bikini,Adj helyet magad mellett,1988,1980s,Rock,hu,,no
Bikini,Ki visz majd haza,1989,1980s,Rock,hu,,no
Beatrice,8 óra munka,1991,1990s,Rock,hu,,no
Beatrice,Azok a boldog szép napok,1988,1980s,Rock,hu,,no
Demjén Ferenc,Szerelemvonat,1989,1980s,Pop / Rock,hu,,no
Demjén Ferenc,Honfoglalás,1996,1990s,Pop / Rock,hu,,no
R-GO,Ballag a katona,1984,1980s,Pop,hu,,no
R-GO,Szeretlek is meg nem is,1984,1980s,Pop,hu,,no
R-GO,Létezem,1983,1980s,Pop,hu,,no
Korda György,Reptér,1981,1980s,Pop,hu,,no
Korda György,Lady N,1981,1980s,Pop,hu,,no
Korda György és Balázs Klári,Mamma Maria,1987,1980s,Pop,hu,,no
Zoltán Erika,Szerelemre születtem,1987,1980s,Pop,hu,,no
Zoltán Erika,Casanova,1988,1980s,Pop,hu,,no
Bonanza Banzai,Induljon a banzáj!,1988,1980s,Alternative,hu,,no
Bonanza Banzai,Valami véget ért,1989,1980s,Alternative,hu,,no
Ákos,Hello,1993,1990s,Pop / Rock,hu,,no
Ákos,Ilyenek voltunk,1997,1990s,Pop / Rock,hu,,no
Ákos,Ikon,1998,1990s,Pop / Rock,hu,,no
Pa-Dö-Dö,Bye Bye Szása,1990,1990s,Pop,hu,,no
Pa-Dö-Dö,Bye-bye Szása,1990,1990s,Pop,hu,,no
Republic,A 67-es út,1994,1990s,Rock / Pop,hu,,no
Republic,Szállj el kismadár,1995,1990s,Rock / Pop,hu,,no
Republic,Repül a bálna,1991,1990s,Rock / Pop,hu,,no
Republic,Szeretni valakit valamiért,1996,1990s,Rock / Pop,hu,,no
Republic,Kék és narancssárga,2000,2000s,Rock / Pop,hu,,no
Zámbó Jimmy,Még nem veszíthetek,1994,1990s,Pop,hu,,no
Zámbó Jimmy,"Szeress úgy, ahogy itt vagyok veled",1992,1990s,Pop,hu,,no
Ámokfutók,Szomorú szamuráj,1995,1990s,Pop / Dance,hu,,no
Ámokfutók,A hold dala,1996,1990s,Pop / Dance,hu,,no
Emergency House,Dübörög a ház,1996,1990s,Dance,hu,,no
Carpe Diem,Álomhajó,1997,1990s,Pop / Dance,hu,,no
TNT,Titkos üzenet,1997,1990s,Pop,hu,,no
TNT,Kicsi gesztenye,2001,2000s,Pop,hu,,no
TNT,Tiltott perc,1999,1990s,Pop,hu,,no
Soho Party,Az éjjel soha nem ér véget,1998,1990s,Dance / Pop,hu,,no
Hip Hop Boyz,Ott várok rád,1996,1990s,Pop / Hip-hop,hu,,no
Hip Hop Boyz,Megbántottak,1997,1990s,Pop / Hip-hop,hu,,no
Kozmix,Kozmix a házban,1998,1990s,Dance,hu,,no
Kozmix,Angyal,2000,2000s,Dance,hu,,no
Happy Gang,Sokáig voltam távol,1999,1990s,Pop / Dance,hu,,no
Animal Cannibals,Takarítónő,1995,1990s,Hip-hop,hu,,no
Animal Cannibals,Kérek egy puszikát!,1996,1990s,Hip-hop,hu,,no
Sub Bass Monster,4 ütem,1999,1990s,Hip-hop,hu,,no
Sub Bass Monster,"Nincs nő, nincs sírás",1999,1990s,Hip-hop,hu,,no
Jazz+Az,Ma jól vagyok,1998,1990s,Pop,hu,,no
Jazz+Az,"Gin, rum, sör, bor",1999,1990s,Pop,hu,,no
V-Tech,Vétkezz velem,1998,1990s,Pop,hu,,no
V-Tech,Homokba írt szerelem,2000,2000s,Pop,hu,,no
Groovehouse,Hajnal,2001,2000s,Pop,hu,,no
Groovehouse,Hadadi,2001,2000s,Pop,hu,,no
Groovehouse,Szavakon túl,2001,2000s,Pop,hu,,no
United,Hófehér jaguár,1999,1990s,Pop / Funk,hu,,no
United,Keserű méz,2000,2000s,Pop / Funk,hu,,no
Tankcsapda,Mennyország Tourist,1999,1990s,Rock,hu,,no
Tankcsapda,Be vagyok rúgva,1995,1990s,Rock,hu,,no
Tankcsapda,Ez az a ház,2001,2000s,Rock,hu,,no
Hooligans,Királylány,2003,2000s,Rock / Pop,hu,,no
Hooligans,Játszom,2003,2000s,Rock / Pop,hu,,no
Hooligans,Félember,2006,2000s,Rock / Pop,hu,,no
NOX,Százszor ölelj még,2003,2000s,Pop,hu,,no
NOX,"Forogj, világ!",2005,2000s,Pop,hu,,no
Quimby,Most múlik pontosan,2005,2000s,Alternative,hu,,no
Quimby,Autó egy szerpentinen,2002,2000s,Alternative,hu,,no
Kispál és a Borz,Ha az életben,1994,1990s,Alternative,hu,,no
Kispál és a Borz,Csillag vagy fecske,2000,2000s,Alternative,hu,,no
Heaven Street Seven,Hol van az a krézi srác?,2000,2000s,Alternative,hu,,no
Heaven Street Seven,Dél-Amerika,2004,2000s,Alternative,hu,,no
Magna Cum Laude,Pálinka dal,2009,2000s,Pop / Rock,hu,,no
Magna Cum Laude,Színezd újra,2006,2000s,Pop / Rock,hu,,no
Zanzibar,Nem vagyok tökéletes,2001,2000s,Pop / Rock,hu,,no
Zanzibar,Szerelemről szó sem volt,2002,2000s,Pop / Rock,hu,,no
Crystal,Te vagy a jel,2001,2000s,Pop,hu,,no
Crystal,Jég a tűzben,2003,2000s,Pop,hu,,no
Fiesta,Bonita,2001,2000s,Pop,hu,,no
Fiesta,Hola Mi Amor,2002,2000s,Pop,hu,,no
Caramel,Szállok a dallal,2005,2000s,Pop / Soul,hu,,no
Caramel,Lélekdonor,2008,2000s,Pop / Soul,hu,,no
Oláh Ibolya,Magyarország,2005,2000s,Pop / Rock,hu,,no
Rúzsa Magdolna,Aprócska blues,2006,2000s,Pop,hu,,no
Rúzsa Magdolna,Gábriel,2008,2000s,Pop,hu,,no
Rúzsa Magdolna,Egyszer,2018,2010s,Pop,hu,,no
Fluor,Mizu,2010,2010s,Pop / Hip-hop,hu,,no
Punnany Massif,Élvezd,2011,2010s,Hip-hop / Pop,hu,,no
Punnany Massif,Élni vagy égni,2013,2010s,Hip-hop / Pop,hu,,no
"Majka, Curtis, BLR",Belehalok,2012,2010s,Hip-hop / Pop,hu,,no
Majka,Mindenki táncol /90'/,2017,2010s,Hip-hop / Pop,hu,,no
Wellhello,Apuveddmeg,2014,2010s,Pop / Hip-hop,hu,,no
Wellhello,Rakpart,2014,2010s,Pop / Hip-hop,hu,,no
Halott Pénz,Darabokra törted a szívem,2016,2010s,Pop / Hip-hop,hu,,no
Halott Pénz,Valami van a levegőben,2015,2010s,Pop / Hip-hop,hu,,no
Halott Pénz,Amikor feladnád,2018,2010s,Pop / Hip-hop,hu,,no
Kelemen Kabátban,Maradjatok gyerekek,2014,2010s,Pop,hu,,no
Kelemen Kabátban,Nyári dallam,2013,2010s,Pop,hu,,no
Konyha,Százszor visszajátszott,2018,2010s,Pop / Rock,hu,,no
Follow The Flow,Nem tudja senki,2018,2010s,Pop,hu,,no
Follow The Flow,Anyám mondta,2019,2010s,Pop,hu,,no
Bagossy Brothers Company,Olyan ő,2019,2010s,Pop / Rock,hu,,no
Bagossy Brothers Company,Visszajövök,2017,2010s,Pop / Rock,hu,,no
ByeAlex és a Slepp,Kedvesem,2013,2010s,Pop,hu,,no
ByeAlex és a Slepp,Még mindig...,2017,2010s,Pop,hu,,no
"Azahriah, DESH",Mind1,2021,2020s,Pop / Hip-hop,hu,,no
Azahriah,3korty,2023,2020s,Pop,hu,,no
Azahriah,Introvertált dal,2022,2020s,Pop,hu,,no
Azahriah,Four Moods,2022,2020s,Pop,hu,,no
Azahriah & DESH,Rét,2022,2020s,Pop / Hip-hop,hu,,no
VALMAR,Úristen,2022,2020s,Pop,hu,,no
VALMAR,Színvak,2022,2020s,Pop,hu,,no
Beton.Hofi,Bagira,2022,2020s,Hip-hop,hu,,no
Beton.Hofi,Playbánia,2023,2020s,Hip-hop,hu,,no
Krúbi,Neheztelek,2018,2010s,Hip-hop,hu,,no
Krúbi,Szív,2019,2010s,Hip-hop,hu,,no
Dzsúdló,Lej,2020,2020s,Pop,hu,,no
Dzsúdló,Hiszti,2020,2020s,Pop,hu,,no
T. Danny,Megmondtam,2021,2020s,Pop / Hip-hop,hu,,no
T. Danny,YOGA,2023,2020s,Pop / Hip-hop,hu,,no
Manuel,Messziről jöttem,2019,2010s,Pop / Hip-hop,hu,,no
Manuel,Popstar,2021,2020s,Pop / Hip-hop,hu,,no
PamKutya,Aranybula,2016,2010s,Pop / Comedy,hu,,no
Irigy Hónaljmirigy,Bazi nagy roma lagzi,1998,1990s,Comedy / Pop,hu,,no
Napoleon Boulevard,Júlia nem akar a földön járni,1988,1980s,Pop / Rock,hu,,no
Első Emelet,A film forog tovább,1988,1980s,Pop,hu,,no
Első Emelet,Csakazértis szerelem,1987,1980s,Pop,hu,,no
Piramis,Szállj fel magasra,1977,1970s,Rock,hu,,no
Piramis,Ha volna két életem,1977,1970s,Rock,hu,,no
Karthago,Requiem,1981,1980s,Rock,hu,,no
Karthago,Apáink útján,1982,1980s,Rock,hu,,no
P. Mobil,Kétforintos dal,1978,1970s,Rock,hu,,no
P. Mobil,Menj tovább,1979,1970s,Rock,hu,,no
Hobo Blues Band,Hajtók dala,1980,1980s,Rock / Blues,hu,,no
Hobo Blues Band,Vadászat,1984,1980s,Rock / Blues,hu,,no
Pokolgép,A jel,1986,1980s,Rock,hu,,no
Pokolgép,Ítélet helyett,1987,1980s,Rock,hu,,no
Ossian,Acélszív,1988,1980s,Rock,hu,,no
Ossian,A rock katonái,1988,1980s,Rock,hu,,no
Charlie,Jég dupla whiskyvel,1994,1990s,Pop / Rock,hu,,no
Charlie,Nézz az ég felé,1994,1990s,Pop / Rock,hu,,no
Gergely Róbert,Emanuelle,1992,1990s,Pop,hu,,no
Manhattan,Rossz vagyok,1991,1990s,Pop,hu,,no
Bon-Bon,A sexepilem,1999,1990s,Pop,hu,,no
Bon-Bon,Holnaptól,2000,2000s,Pop,hu,,no
Desperado,Táncolj!,2006,2000s,Dance / Pop,hu,,no
Desperado,Gyere és álmodj,2002,2000s,Dance / Pop,hu,,no
Fresh,Táncolj még!,1998,1990s,Pop / Dance,hu,,no
Fresh,Itt vagyunk,1997,1990s,Pop / Dance,hu,,no
Baby Sisters,Szeresd a testem,1998,1990s,Pop,hu,,no
UFO,Napolaj,1996,1990s,Pop / Dance,hu,,no
4F-Club,Balatoni láz,1996,1990s,Dance / Pop,hu,,no
Ganxsta Zolee és a Kartel,A jó a rossz és a Kartel,1997,1990s,Hip-hop,hu,,no
Ganxsta Zolee és a Kartel,Helldorado,1999,1990s,Hip-hop,hu,,no
Ganxsta Zolee és a Kartel,Dögölj meg,1995,1990s,Hip-hop,hu,,no
Rapülők,Áj láv jú,1992,1990s,Pop / Hip-hop,hu,,no
Rapülők,Nem adom fel,1993,1990s,Pop / Hip-hop,hu,,no
