artist,title,year,decade,style,language,spotify_uri,spotify_popularity,year_source,needs_year_review
Elvis Presley,Jailhouse Rock,1957,1950s,Curated,international,spotify:track:6pyex9B1kBoRIuabBAc4m8,,curated,no
Chuck Berry,Johnny B. Goode,1958,1950s,Curated,international,spotify:track:75Suv3FnFQji4Lp3ATMLJ1,,curated,no
Ben E. King,Stand By Me,1961,1960s,Curated,international,spotify:track:3SdTKo2uVsxFblQjpScoHy,,curated,no
The Animals,House of the Rising Sun,1964,1960s,Curated,international,spotify:track:0ev91hkSfD8mR15VBiAHts,,curated,no
The Temptations,My Girl,1964,1960s,Curated,international,spotify:track:745H5CctFr12Mo7cqa1BMH,,curated,no
Illés,Táskarádió,1965,1960s,Curated,hu,spotify:track:7xVZKw4oI4bzZCevHccfQd,,curated,no
Simon & Garfunkel,The Sound of Silence,1965,1960s,Curated,international,spotify:track:3YfS47QufnLDFA71FUsgCM,,curated,no
The Mamas & The Papas,California Dreamin',1965,1960s,Curated,international,spotify:track:6pwhPuPd4JEv4XeJDUpxBt,,curated,no
The Rolling Stones,(I Can't Get No) Satisfaction,1965,1960s,Curated,international,spotify:track:2PzU4IB8Dr6mxV3lHuaG34,,curated,no
Aretha Franklin,Respect,1967,1960s,Curated,international,spotify:track:7s25THrKz86DM225dOYwnr,,curated,no
Louis Armstrong,What a Wonderful World,1967,1960s,Curated,international,spotify:track:29U7stRjqHU6rMiS8BfaI9,,curated,no
The Beatles,Hey Jude,1968,1960s,Curated,international,spotify:track:1eT2CjXwFXNx6oY5ydvzKU,,curated,no
Creedence Clearwater Revival,Fortunate Son,1969,1960s,Curated,international,spotify:track:6HPL4ntDOnsdc1jtnX8XMJ,,curated,no
Omega,Gyöngyhajú lány,1969,1960s,Curated,hu,spotify:track:6FY7ir6yRahEgQn0mEq73N,,curated,no
Szécsi Pál,Egy szál harangvirág,1970,1970s,Curated,hu,spotify:track:5AnZPTLRFRggeZ2tVVF0AS,,curated,no
The Beatles,Let It Be,1970,1970s,Curated,international,spotify:track:7iN1s7xHE4ifF5povM6A48,,curated,no
John Lennon,Imagine,1971,1970s,Curated,international,spotify:track:7pKfPomDEeI4TPT6EOYjn9,,curated,no
David Bowie,Starman,1972,1970s,Curated,international,spotify:track:0pQskrTITgmCMyr85tb9qq,,curated,no
Elton John,Crocodile Rock,1972,1970s,Curated,international,spotify:track:6WCeFNVAXUtNczb7lqLiZU,,curated,no
Koncz Zsuzsa,Valahol egy lány,1972,1970s,Curated,hu,spotify:track:2P6gFUiyj3ViyJlvgUM1ue,,curated,no
Koncz Zsuzsa,Ha én rózsa volnék,1973,1970s,Curated,hu,spotify:track:1Jwqh8V5BVxD4LGeBuH0F9,,curated,no
Presser Gábor,Valaki mondja meg,1973,1970s,Curated,hu,spotify:track:1e7R7e7n7uMDEJ6P9yJZml,,curated,no
Zalatnay Sarolta,Hosszú forró nyár,1974,1970s,Curated,hu,spotify:track:30WOlRm3Y2lT2mxxyCDmuv,,curated,no
ABBA,Mamma Mia,1975,1970s,Curated,international,spotify:track:2TxCwUlqaOH3TIyJqGgR91,,curated,no
Locomotiv GT,Neked írom a dalt,1975,1970s,Curated,hu,spotify:track:6mYCHpX18fI6GHXF4A61pT,,curated,no
Queen,Bohemian Rhapsody,1975,1970s,Curated,international,spotify:track:2JiDi0qAXsPwhPqA2qaKGt,,curated,no
ABBA,Dancing Queen,1976,1970s,Curated,international,spotify:track:0GjEhVFGZW8afUYGChu3Rr,,curated,no
Boney M.,Daddy Cool,1976,1970s,Curated,international,spotify:track:3WMbD1OyfKuwWDWMNbPQ4g,,curated,no
Eagles,Hotel California,1976,1970s,Curated,international,spotify:track:40riOy7x9W7GXjyGp4pjAv,,curated,no
Bee Gees,Stayin' Alive,1977,1970s,Curated,international,spotify:track:7qK3JFriCqLorQivsJYG2X,,curated,no
Zorán,Apám hitte,1977,1970s,Curated,hu,spotify:track:1s26P98AZUa5ECuH6jwY2u,,curated,no
"Earth, Wind & Fire",September,1978,1970s,Curated,international,spotify:track:2grjqo0Frpf2okIBiifQKs,,curated,no
Gloria Gaynor,I Will Survive,1978,1970s,Curated,international,spotify:track:7rIovIsXE6kMn629b7kDig,,curated,no
Szűcs Judit,Táncolj még,1978,1970s,Curated,international,spotify:track:0VBDR01rlL2iw7IWJwcHgh,,curated,no
Village People,Y.M.C.A.,1978,1970s,Curated,international,spotify:track:3PR0Y4RokWNXUOxg7qQPi1,,curated,no
ABBA,Gimme! Gimme! Gimme! (A Man After Midnight),1979,1970s,Curated,international,spotify:track:3vkQ5DAB1qQMYO4Mr9zJN6,,curated,no
KISS,I Was Made for Lovin' You,1979,1970s,Curated,international,spotify:track:2AAXciuMxaNd5AEALcynC6,,curated,no
Neoton Família,Santa Maria,1979,1970s,Curated,hu,spotify:track:50Xjp8kIDSdQmoWfHDwFbG,,curated,no
Barbra Streisand,Woman in Love,1980,1980s,Curated,international,spotify:track:2m5xo4HEFHgOQpqqrxCS5u,,curated,no
Dolly Parton,9 to 5,1980,1980s,Curated,international,spotify:track:4w3tQBXhn5345eUXDGBWZG,,curated,no
Hungária,Csókkirály,1980,1980s,Curated,hu,spotify:track:6BhnmtjXMMaMjU1ddqY4jJ,,curated,no
Neoton Família,Don Quijote,1980,1980s,Curated,hu,spotify:track:1JnkT3BYoEjLdC9nyopB9d,,curated,no
Queen,Another One Bites the Dust,1980,1980s,Curated,international,spotify:track:1KPuohcXPmJYQfdyg9zKmR,,curated,no
Depeche Mode,Just Can't Get Enough,1981,1980s,Curated,international,spotify:track:0qi4b1l0eT3jpzeNHeFXDT,,curated,no
Korda György,Reptér,1981,1980s,Curated,hu,spotify:track:20Jqnzpu228437tqAkwy4o,,curated,no
Neoton Família,Kétszázhúsz felett,1981,1980s,Curated,hu,spotify:track:2533Xo9a66qWERAoznt9MA,,curated,no
Michael Jackson,Billie Jean,1982,1980s,Curated,international,spotify:track:7J1uxwnxfQLu4APicE5Rnj,,curated,no
Survivor,Eye of the Tiger,1982,1980s,Curated,international,spotify:track:2KH16WveTQWT6KOG9Rg6e2,,curated,no
Toto,Africa,1982,1980s,Curated,international,spotify:track:2374M0fQpWi3dLnB54qaLX,,curated,no
Bonnie Tyler,Total Eclipse of the Heart,1983,1980s,Curated,international,spotify:track:7wuJGgpTNzbUyn26IOY6rj,,curated,no
Cyndi Lauper,Girls Just Want to Have Fun,1983,1980s,Curated,international,spotify:track:4y1LsJpmMti1PfRQV9AWWe,,curated,no
Eurythmics,Sweet Dreams (Are Made of This),1983,1980s,Curated,international,spotify:track:1TfqLAPs4K3s2rJMoCokcS,,curated,no
KFT,Afrika,1984,1980s,Curated,hu,spotify:track:0N74pmW0J0EN4fvajOIhAT,,curated,no
Madonna,Like a Virgin,1984,1980s,Curated,international,spotify:track:7KV1O7Un7wlBSRJiWHJGC0,,curated,no
Wham!,Wake Me Up Before You Go-Go,1984,1980s,Curated,international,spotify:track:0ikz6tENMONtK6qGkOrU3c,,curated,no
a-ha,Take on Me,1985,1980s,Curated,international,spotify:track:2WfaOiMkCvy7F5fcp2zZ8L,,curated,no
Bikini,Mielőtt elmegyek,1985,1980s,Curated,hu,spotify:track:1kS1iecMrLnwy7pFWU9Pkt,,curated,no
Bryan Adams,Summer of '69,1985,1980s,Curated,international,spotify:track:0GONea6G2XdnHWjNZd6zt3,,curated,no
EDDA Művek,A kör,1985,1980s,Curated,hu,spotify:track:2Red6Iwlzb7owsQzWWKc2I,,curated,no
Bon Jovi,Livin' on a Prayer,1986,1980s,Curated,international,spotify:track:37ZJ0p5Jm13JPevGcx4SkF,,curated,no
Europe,The Final Countdown,1986,1980s,Curated,international,spotify:track:3MrRksHupTVEQ7YbA0FsZK,,curated,no
Guns N' Roses,Sweet Child o' Mine,1987,1980s,Curated,international,spotify:track:7snQQk1zcKl8gZ92AnueZW,,curated,no
Rick Astley,Never Gonna Give You Up,1987,1980s,Curated,international,spotify:track:4PTG3Z6ehGkBFwjybzWkR8,,curated,no
Whitney Houston,I Wanna Dance with Somebody (Who Loves Me),1987,1980s,Curated,international,spotify:track:3lVZi163UlgmyUlWAXwbkD,,curated,no
Zoltán Erika,Szerelemre születtem,1987,1980s,Curated,hu,spotify:track:6oAOsq558OLmEo5i7wr4ZN,,curated,no
Bonanza Banzai,Induljon a banzáj!,1988,1980s,Curated,hu,spotify:track:1lWCwcttTCtjR4u4O3Hc3P,,curated,no
Bikini,Közeli helyeken,1989,1980s,Curated,hu,spotify:track:54bq5Vwob1P0ifl6OlNfrC,,curated,no
Demjén Ferenc,Szerelemvonat,1989,1980s,Curated,hu,spotify:track:1OdCOUGAufSGjQ3lZEaUqm,,curated,no
Pa-Dö-Dö,Bye-Bye Szása,1990,1990s,Curated,hu,spotify:track:49dpGiiE2LKH199LzXGHrA,,curated,no
Sinéad O'Connor,Nothing Compares 2 U,1990,1990s,Curated,international,spotify:track:5GHY1DFWKz3Prg2V0Iodqo,,curated,no
Nirvana,Smells Like Teen Spirit,1991,1990s,Curated,international,spotify:track:4CeeEOM32jQcH3eN9Q2dGj,,curated,no
R.E.M.,Losing My Religion,1991,1990s,Curated,international,spotify:track:31AOj9sFz2gM0O3hMARRBx,,curated,no
4 Non Blondes,What's Up?,1992,1990s,Curated,international,spotify:track:0jWgAnTrNZmOGmqgvHhZEm,,curated,no
Ace of Base,All That She Wants,1992,1990s,Curated,international,spotify:track:6kWJvPfC4DgUpRsXKNa9z9,,curated,no
Robin S,Show Me Love,1993,1990s,Curated,international,spotify:track:4t0UsYzmmmZRMTWn77jiGF,,curated,no
Rednex,Cotton Eye Joe,1994,1990s,Curated,international,spotify:track:06hsdMbBxWGqBO0TV0Zrkf,,curated,no
Republic,A 67-es út,1994,1990s,Curated,hu,spotify:track:5vg3KuGF3wB19PCOzDBYGS,,curated,no
Scatman John,Scatman (Ski-Ba-Bop-Ba-Dop-Bop),1994,1990s,Curated,international,spotify:track:623rRTKwGmgjH6sjE9uWLh,,curated,no
Zámbó Jimmy,Még nem veszíthetek,1994,1990s,Curated,hu,spotify:track:1CkngvTu7wgubaFvMb87ae,,curated,no
Ámokfutók,Szomorú szamuráj,1995,1990s,Curated,hu,spotify:track:0xbYIxxTeqRHrQ4M7wMZd4,,curated,no
Republic,Szállj el kismadár,1995,1990s,Curated,hu,spotify:track:3m3dleuZ3G0emS6PSU9nUN,,curated,no
Emergency House,Dübörög a ház,1996,1990s,Curated,hu,spotify:track:59aWmUxSXfAt5ubrGRgoqQ,,curated,no
Fugees,Killing Me Softly With His Song,1996,1990s,Curated,international,spotify:track:0Q0IVlqMV64kNLlwjPj0Hl,,curated,no
Spice Girls,Wannabe,1996,1990s,Curated,international,spotify:track:68DUL7LbMhXzOzq97F5XhJ,,curated,no
Ákos,Ilyenek voltunk,1997,1990s,Curated,hu,spotify:track:0zXM6EcCxrG53GXcEhV3W4,,curated,no
Aqua,Barbie Girl,1997,1990s,Curated,international,spotify:track:5ZrDlcxIDZyjOzHdYW1ydr,,curated,no
Backstreet Boys,Everybody (Backstreet's Back),1997,1990s,Curated,international,spotify:track:1di1BEgJYzPvXUuinsYJGP,,curated,no
Carpe Diem,Álomhajó,1997,1990s,Curated,hu,spotify:track:7wHSEadJSf3QunWb8KHiZB,,curated,no
TNT,Titkos üzenet,1997,1990s,Curated,hu,spotify:track:5OdmRZPg8cCOJE6j3wm87X,,curated,no
Britney Spears,...Baby One More Time,1998,1990s,Curated,international,spotify:track:52SrRaRC2SlJ2dno1flkg2,,curated,no
Cher,Believe,1998,1990s,Curated,international,spotify:track:6MiNZJ178L6ypTnBt2G4BJ,,curated,no
Soho Party,Az Éjjel Soha Nem Ér Véget,1998,1990s,Curated,hu,spotify:track:4pIYWr7uEI7hnU1DfLm1kN,,curated,no
Lou Bega,Mambo No. 5 (A Little Bit of...),1999,1990s,Curated,international,spotify:track:6x4tKaOzfNJpEJHySoiJcs,,curated,no
Tankcsapda,Mennyország Tourist,1999,1990s,Curated,hu,spotify:track:1B05KTWr9SkdVukhRcPJ8v,,curated,no
United,Hófehér Jaguár,1999,1990s,Curated,hu,spotify:track:7ecbLhFYYhF37kqC90CMiq,,curated,no
Eminem,The Real Slim Shady,2000,2000s,Curated,international,spotify:track:3yfqSUWxFvZELEM4PmlwIR,,curated,no
Groovehouse,Hajnal,2001,2000s,Curated,hu,spotify:track:6QW0SwU35pdcDAJvdd9v5H,,curated,no
Kylie Minogue,Can't Get You Out of My Head,2001,2000s,Curated,international,spotify:track:3RYgABHAjXGMkiDIHQiwDQ,,curated,no
Shakira,"Whenever, Wherever",2001,2000s,Curated,international,spotify:track:2lnzGkdtDj5mtlcOW2yRtG,,curated,no
TNT,Kicsi gesztenye,2001,2000s,Curated,hu,spotify:track:1vLu84QthW6HXfG1FfgKCX,,curated,no
Britney Spears,Toxic,2003,2000s,Curated,international,spotify:track:6I9VzXrHxO9rA9A5euc8Ak,,curated,no
Hooligans,Királylány,2003,2000s,Curated,hu,spotify:track:2Nud4rJiFIdg8Nq5PjPo5N,,curated,no
NOX,Százszor ölelj még,2003,2000s,Curated,hu,spotify:track:6tHznUs6vQzX9mk393YNoK,,curated,no
Outkast,Hey Ya!,2003,2000s,Curated,international,spotify:track:3AszgPDZd9q0DpDFt4HFBy,,curated,no
The White Stripes,Seven Nation Army,2003,2000s,Curated,international,spotify:track:3dPQuX8Gs42Y7b454ybpMR,,curated,no
Green Day,American Idiot,2004,2000s,Curated,international,spotify:track:6nTiIhLmQ3FWhvrGafw2zj,,curated,no
Quimby,Most múlik pontosan,2005,2000s,Curated,hu,spotify:track:0ooiafVrlNqnKR5GQea4Ng,,curated,no
Gnarls Barkley,Crazy,2006,2000s,Curated,international,spotify:track:6FlAGda9qkDhTU7ctFM4uG,,curated,no
Rihanna,Umbrella,2007,2000s,Curated,international,spotify:track:49FYlytm3dAAraYgpoJZux,,curated,no
Coldplay,Viva la Vida,2008,2000s,Curated,international,spotify:track:6WrUT7FOAlDscRWU7ndmyd,,curated,no
Lady Gaga,Poker Face,2008,2000s,Curated,international,spotify:track:1QV6tiMFM6fSOKOGLMHYYg,,curated,no
Magna Cum Laude,Pálinka dal,2009,2000s,Curated,hu,spotify:track:1scWEPQSiXdIInQMKlXNjk,,curated,no
The Black Eyed Peas,I Gotta Feeling,2009,2000s,Curated,international,spotify:track:2H1047e0oMSj10dgp7p2VG,,curated,no
Adele,Rolling in the Deep,2010,2010s,Curated,international,spotify:track:4OSBTYWVwsQhGLF9NHvIbR,,curated,no
Fluor,Mizu,2010,2010s,Curated,hu,spotify:track:2woZDcgHTSK51f3UKuTGFj,,curated,no
Carly Rae Jepsen,Call Me Maybe,2011,2010s,Curated,international,spotify:track:20I6sIOMTCkB6w7ryavxtO,,curated,no
Gotye feat. Kimbra,Somebody That I Used to Know,2011,2010s,Curated,international,spotify:track:1qDrWA6lyx8cLECdZE7TV7,,curated,no
Punnany Massif,Élvezd,2011,2010s,Curated,hu,spotify:track:4k1ysf9Jx5zmmubqGp5pD3,,curated,no
"Majka, Curtis, BLR",Belehalok,2012,2010s,Curated,hu,spotify:track:1bnvChZ7MDWYgvPI7VVax9,,curated,no
Avicii,Wake Me Up,2013,2010s,Curated,international,spotify:track:0nrRP2bk19rLc0orkWPQk2,,curated,no
Mark Ronson feat. Bruno Mars,Uptown Funk,2014,2010s,Curated,international,spotify:track:32OlwWuMpZ6b0aN2RZOeMS,,curated,no
Taylor Swift,Shake It Off,2014,2010s,Curated,international,spotify:track:0cqRj7pUJDkTCEsJkx8snD,,curated,no
Wellhello,Apuveddmeg,2014,2010s,Curated,hu,spotify:track:6gxVNgtJX6Hg7nBWcquMEW,,curated,no
Halott Pénz,Darabokra törted a szívem,2016,2010s,Curated,hu,spotify:track:6OrEcJ6PZCeaRaDeJYBz6q,,curated,no
Ed Sheeran,Shape of You,2017,2010s,Curated,international,spotify:track:7qiZfU4dY1lWllzX7mPBI3,,curated,no
Luis Fonsi feat. Daddy Yankee,Despacito,2017,2010s,Curated,international,spotify:track:5AgTL2WmiCvoObA8fpncKs,,curated,no
Bagossy Brothers Company,Olyan Ő,2019,2010s,Curated,hu,spotify:track:0iddCWjFnIc2pENyQWIIn2,,curated,no
Billie Eilish,bad guy,2019,2010s,Curated,international,spotify:track:2Fxmhks0bxGSBdJ92vM42m,,curated,no
The Weeknd,Blinding Lights,2019,2010s,Curated,international,spotify:track:0VjIjW4GlUZAMYd2vXMi3b,,curated,no
"Azahriah, DESH",Mind1,2021,2020s,Curated,hu,spotify:track:7lemjnVRAqQtqqLdSqCKqM,,curated,no
Azahriah,3korty,2023,2020s,Curated,hu,spotify:track:5ZY255MSISgMrvHmRZux1E,,curated,no
Miley Cyrus,Flowers,2023,2020s,Curated,international,spotify:track:7DSAEUvxU8FajXtRloy8M0,,curated,no
Sabrina Carpenter,Espresso,2024,2020s,Curated,international,spotify:track:2LU2CYKUZUc1iAErxJb1dK,,curated,no
